"displacement:0","displacement:1","displacement:2","nodal_GL_strains_xyz:0","nodal_GL_strains_xyz:1","nodal_GL_strains_xyz:2","nodal_GL_strains_xyz:3","nodal_GL_strains_xyz:4","nodal_GL_strains_xyz:5","nodal_cauchy_coupling_stresses_xyz:0","nodal_cauchy_coupling_stresses_xyz:1","nodal_cauchy_coupling_stresses_xyz:2","nodal_cauchy_coupling_stresses_xyz:3","nodal_cauchy_coupling_stresses_xyz:4","nodal_cauchy_coupling_stresses_xyz:5","nodal_cauchy_stresses_xyz:0","nodal_cauchy_stresses_xyz:1","nodal_cauchy_stresses_xyz:2","nodal_cauchy_stresses_xyz:3","nodal_cauchy_stresses_xyz:4","nodal_cauchy_stresses_xyz:5","Points:0","Points:1","Points:2",1.0e-12
0,0,0,-0.00022689,3.9674e-16,-7.3837e-17,2.8758e-16,-1.3334e-17,1.3627e-17,-1.6892,-1.6892,-1.6892,6.0584e-33,3.5925e-32,7.7715e-32,-611.09,-261.96,-261.96,4.4252e-10,-2.0519e-11,2.0962e-11,-5,-5,-1,1.0e-12
0,0,0,-0.00022689,2.7756e-17,-1.9954e-17,-2.0073e-16,-4.3803e-17,-9.6583e-18,-1.6892,-1.6892,-1.6892,-7.3341e-32,-1.1224e-33,-1.9665e-32,-611.09,-261.96,-261.96,-3.0886e-10,-6.7405e-11,-1.4878e-11,-5,-3,-1,1.0e-12
-0.00045383,0,0,-0.00022674,2.3592e-16,1.1156e-17,-7.3172e-17,6.9869e-17,-6.4826e-19,-1.3361,-1.3361,-1.3361,9.4603e-32,9.3817e-33,9.3917e-32,-610.7,-261.79,-261.79,-1.1263e-10,1.0752e-10,-1.0419e-12,-3,-5,-1,1.0e-12
-0.00045383,-1.4579e-16,4.1956e-16,-0.00022674,-1.4132e-16,1.0613e-16,-1.6344e-16,8.0245e-18,-1.5114e-18,-1.3361,-1.3361,-1.3361,-6.4368e-32,-4.3585e-32,7.1545e-32,-610.7,-261.79,-261.79,-2.5154e-10,1.2348e-11,-2.3416e-12,-3,-3,-1,1.0e-12
0,0,0,-0.00022689,2.4781e-16,1.7941e-16,6.6779e-17,-2.375e-16,6.7099e-17,-1.6892,-1.6892,-1.6892,-2.1346e-32,-6.283e-32,-2.3137e-32,-611.09,-261.96,-261.96,1.0275e-10,-3.6547e-10,1.032e-10,-5,-5,-3,1.0e-12
0,0,0,-0.00022689,-1.8051e-16,3.6554e-17,-1.2812e-16,1.0617e-16,-2.6819e-16,-1.6892,-1.6892,-1.6892,3.0527e-32,9.2955e-33,5.4128e-32,-611.09,-261.96,-261.96,-1.9711e-10,1.6337e-10,-4.1268e-10,-5,-3,-3,1.0e-12
-0.00045383,0,0,-0.00022674,-7.5458e-16,9.5783e-17,3.1328e-16,-2.4848e-16,2.8137e-16,-1.3361,-1.3361,-1.3361,6.04e-32,-1.0773e-31,4.5775e-32,-610.7,-261.79,-261.79,4.8197e-10,-3.8237e-10,4.3297e-10,-3,-5,-3,1.0e-12
-0.00045383,-5.5285e-16,-6.7469e-16,-0.00022674,-1.7107e-16,8.7848e-17,-9.1066e-17,-9.5472e-17,1.9805e-16,-1.3361,-1.3361,-1.3361,-2.5757e-32,-7.0281e-33,1.5329e-32,-610.7,-261.79,-261.79,-1.4017e-10,-1.4691e-10,3.0477e-10,-3,-3,-3,1.0e-12
0,0,0,-0.00022689,-1.1835e-15,6.2151e-16,4.0554e-16,-1.0272e-16,-3.6359e-16,-1.6892,-1.6892,-1.6892,5.4307e-32,2.6604e-31,-1.6023e-32,-611.09,-261.96,-261.96,6.2391e-10,-1.5807e-10,-5.5931e-10,-5,-5,-5,1.0e-12
0,0,0,-0.00022689,3.8804e-16,-1.1846e-16,-2.9592e-16,-3.5386e-16,2.5405e-16,-1.6892,-1.6892,-1.6892,-2.2953e-32,-1.1301e-31,1.0714e-31,-611.09,-261.96,-261.96,-4.5529e-10,-5.4453e-10,3.9088e-10,-5,-3,-5,1.0e-12
-0.00045383,0,0,-0.00022674,1.2688e-15,-2.5452e-16,4.5409e-16,4.7087e-16,-1.9538e-16,-1.3361,-1.3361,-1.3361,-2.0354e-31,6.2511e-32,5.0879e-33,-610.7,-261.79,-261.79,6.9882e-10,7.2458e-10,-3.004e-10,-3,-5,-5,1.0e-12
-0.00045383,0,0,-0.00022674,1.8513e-16,-1.9837e-16,-2.6407e-17,2.0378e-16,5.5532e-17,-1.3361,-1.3361,-1.3361,5.1747e-32,-7.0699e-32,6.2732e-34,-610.7,-261.79,-261.79,-4.058e-11,3.1358e-10,8.546e-11,-3,-3,-5,1.0e-12
0,0,0,-0.00022689,-1.503e-16,5.7869e-17,8.0415e-17,2.4708e-17,5.7535e-17,-1.6892,-1.6892,-1.6892,6.3439e-32,1.8895e-31,5.5826e-32,-611.09,-261.96,-261.96,1.237e-10,3.8021e-11,8.8533e-11,-5,-1,-1,1.0e-12
-0.00045383,1.168e-16,-5.4414e-16,-0.00022674,-5.2291e-17,-1.7787e-16,4.5383e-17,-3.6321e-17,1.7107e-16,-1.3361,-1.3361,-1.3361,-2.1822e-32,-3.1096e-32,-9.9964e-32,-610.7,-261.79,-261.79,6.9804e-11,-5.5891e-11,2.6326e-10,-3,-1,-1,1.0e-12
0,0,0,-0.00022689,7.8187e-17,-1.7805e-16,-3.1161e-16,-5.0295e-17,-6.6861e-17,-1.6892,-1.6892,-1.6892,-5.0855e-32,1.371e-32,1.5398e-31,-611.09,-261.96,-261.96,-4.7949e-10,-7.7395e-11,-1.0283e-10,-5,-1,-3,1.0e-12
-0.00045383,-5.1443e-16,-2.5759e-16,-0.00022674,7.1431e-17,-2.0903e-16,-4.3074e-17,1.9313e-16,5.4088e-17,-1.3361,-1.3361,-1.3361,1.2723e-31,-1.2313e-32,2.2752e-32,-610.7,-261.79,-261.79,-6.6302e-11,2.9718e-10,8.319e-11,-3,-1,-3,1.0e-12
0,0,0,-0.00022689,-1.1394e-15,-4.9017e-16,1.0287e-16,-9.8692e-17,4.3531e-17,-1.6892,-1.6892,-1.6892,4.3098e-32,2.4988e-32,-3.7207e-32,-611.09,-261.96,-261.96,1.5828e-10,-1.5187e-10,6.6955e-11,-5,-1,-5,1.0e-12
-0.00045383,0,0,-0.00022674,2.2576e-16,-1.9465e-16,-7.7713e-17,-2.4967e-16,-6.9365e-17,-1.3361,-1.3361,-1.3361,2.5259e-32,1.4204e-32,-1.8999e-32,-610.7,-261.79,-261.79,-1.1958e-10,-3.8419e-10,-1.0672e-10,-3,-1,-5,1.0e-12
0,0,0,-0.00022689,-2.3765e-16,-7.4469e-17,3.5677e-17,1.0148e-17,-8.8183e-17,-1.6892,-1.6892,-1.6892,2.602e-32,-5.0443e-32,-1.4271e-31,-611.09,-261.96,-261.96,5.4938e-11,1.5616e-11,-1.3568e-10,-5,1,-1,1.0e-12
-0.00045383,9.593e-17,-1.1661e-16,-0.00022674,8.7666e-17,3.1474e-17,-2.4873e-16,9.7242e-17,-2.2241e-17,-1.3361,-1.3361,-1.3361,-5.4092e-33,-1.983e-32,1.2649e-31,-610.7,-261.79,-261.79,-3.8278e-10,1.4964e-10,-3.4216e-11,-3,1,-1,1.0e-12
0,0,0,-0.00022689,8.227e-17,3.3832e-17,1.4715e-17,-2.9559e-17,1.9393e-16,-1.6892,-1.6892,-1.6892,5.8687e-32,7.6286e-32,6.0856e-32,-611.09,-261.96,-261.96,2.2631e-11,-4.5486e-11,2.9834e-10,-5,1,-3,1.0e-12
-0.00045383,5.6896e-17,-1.8544e-16,-0.00022674,2.0549e-16,-1.2032e-16,1.3863e-16,1.1961e-16,1.3017e-16,-1.3361,-1.3361,-1.3361,-1.2662e-33,-8.2054e-32,-6.6897e-32,-610.7,-261.79,-261.79,2.1335e-10,1.8406e-10,2.0024e-10,-3,1,-3,1.0e-12
0,0,0,-0.00022689,-2.3838e-16,6.899e-16,-7.5997e-18,-6.9521e-17,-3.9043e-16,-1.6892,-1.6892,-1.6892,-1.204e-31,-9.4606e-32,6.9924e-32,-611.09,-261.96,-261.96,-1.1622e-11,-1.0698e-10,-6.0063e-10,-5,1,-5,1.0e-12
-0.00045383,0,0,-0.00022674,-9.8506e-17,-6.0491e-16,9.667e-17,1.2283e-16,-4.9077e-16,-1.3361,-1.3361,-1.3361,1.8003e-32,1.0278e-31,-3.6954e-32,-610.7,-261.79,-261.79,1.4881e-10,1.8902e-10,-7.5504e-10,-3,1,-5,1.0e-12
0,0,0,-0.00022689,4.1743e-16,-1.9094e-16,1.1415e-16,2.0425e-17,-9.0798e-17,-1.6892,-1.6892,-1.6892,-1.4568e-31,3.8727e-32,4.5226e-32,-611.09,-261.96,-261.96,1.7568e-10,3.143e-11,-1.3974e-10,-5,3,-1,1.0e-12
-0.00045383,-4.6284e-17,-2.0034e-16,-0.00022674,-2.5398e-18,1.9025e-16,-3.2191e-17,6.0988e-17,2.2289e-17,-1.3361,-1.3361,-1.3361,5.8188e-32,-9.6333e-33,3.3074e-32,-610.7,-261.79,-261.79,-4.9445e-11,9.3849e-11,3.4295e-11,-3,3,-1,1.0e-12
0,0,0,-0.00022689,3.3071e-16,-4.6949e-16,4.4977e-17,7.3392e-17,-3.2462e-17,-1.6892,-1.6892,-1.6892,-1.5318e-31,4.9291e-32,-1.382e-31,-611.09,-261.96,-261.96,6.9101e-11,1.1294e-10,-4.9963e-11,-5,3,-3,1.0e-12
-0.00045383,1.1008e-15,-1.0317e-16,-0.00022674,-4.2314e-17,-3.001e-16,2.9907e-17,-1.0234e-16,-5.2787e-17,-1.3361,-1.3361,-1.3361,-6.4919e-32,3.1575e-32,5.4258e-32,-610.7,-261.79,-261.79,4.6015e-11,-1.5748e-10,-8.1337e-11,-3,3,-3,1.0e-12
0,0,0,-0.00022689,7.8552e-17,-3.1275e-16,1.8677e-16,-1.4447e-16,-7.9662e-17,-1.6892,-1.6892,-1.6892,-4.6733e-32,-1.5961e-32,7.1201e-32,-611.09,-261.96,-261.96,2.8738e-10,-2.2231e-10,-1.2255e-10,-5,3,-5,1.0e-12
-0.00045383,0,0,-0.00022674,-9.6148e-17,3.2527e-16,-9.3798e-17,8.7587e-17,1.5926e-16,-1.3361,-1.3361,-1.3361,2.7476e-31,2.6537e-32,-1.5921e-31,-610.7,-261.79,-261.79,-1.4441e-10,1.3478e-10,2.4515e-10,-3,3,-5,1.0e-12
0,0,0,-0.00022689,2.3566e-16,-4.6786e-16,-3.0093e-16,8.7823e-17,-1.5302e-16,-1.6892,-1.6892,-1.6892,1.3519e-31,1.6885e-31,1.1461e-31,-611.09,-261.96,-261.96,-4.6307e-10,1.3514e-10,-2.3542e-10,-5,5,-1,1.0e-12
-0.00045383,0,0,-0.00022674,3.0113e-17,-1.5239e-17,6.4011e-16,-1.3086e-16,-1.4977e-16,-1.3361,-1.3361,-1.3361,-1.1052e-31,2.2305e-32,-1.8417e-31,-610.7,-261.79,-261.79,9.8519e-10,-2.0137e-10,-2.3046e-10,-3,5,-1,1.0e-12
0,0,0,-0.00022689,2.3021e-16,-2.1261e-16,3.2561e-17,-3.8926e-17,2.517e-16,-1.6892,-1.6892,-1.6892,7.8306e-32,-1.475e-31,6.9274e-32,-611.09,-261.96,-261.96,4.9993e-11,-5.9899e-11,3.8723e-10,-5,5,-3,1.0e-12
-0.00045383,0,0,-0.00022674,-1.5438e-16,3.6554e-17,-2.7203e-16,1.4449e-16,1.9471e-16,-1.3361,-1.3361,-1.3361,2.3892e-31,-1.6964e-31,4.6951e-32,-610.7,-261.79,-261.79,-4.1868e-10,2.2235e-10,2.997e-10,-3,5,-3,1.0e-12
0,0,0,-0.00022689,-9.8977e-16,-1.6653e-16,-6.1029e-16,-1.5107e-16,2.832e-16,-1.6892,-1.6892,-1.6892,6.3013e-32,1.4966e-32,-4.1389e-31,-611.09,-261.96,-261.96,-9.3896e-10,-2.3247e-10,4.3576e-10,-5,5,-5,1.0e-12
-0.00045383,0,0,-0.00022674,-1.0631e-16,3.0332e-16,-4.9561e-16,4.4614e-17,1.8741e-16,-1.3361,-1.3361,-1.3361,-2.5369e-31,1.9767e-31,1.3052e-31,-610.7,-261.79,-261.79,-7.6273e-10,6.8652e-11,2.8846e-10,-3,5,-5,1.0e-12
-0.00090707,0,0,-0.00022663,3.4432e-16,-2.7222e-18,2.6681e-16,8.8039e-17,-5.3513e-17,-2.1782,-2.1782,-2.1782,-6.0363e-32,-8.6824e-32,4.0807e-32,-610.41,-261.66,-261.66,4.1048e-10,1.3548e-10,-8.2374e-11,-1,-5,-1,1.0e-12
-0.00090707,-1.3886e-16,7.1227e-16,-0.00022663,2.4718e-17,-1.1325e-16,-6.3441e-17,-6.3245e-17,-6.6945e-17,-2.1782,-2.1782,-2.1782,9.6173e-32,9.2208e-32,-8.0803e-33,-610.41,-261.66,-261.66,-9.7568e-11,-9.7323e-11,-1.03e-10,-1,-3,-1,1.0e-12
-0.00090707,0,0,-0.00022663,-1.0903e-16,1.327e-16,7.1051e-17,4.8564e-17,7.0976e-17,-2.1782,-2.1782,-2.1782,-1.7296e-31,1.2064e-31,-4.297e-32,-610.41,-261.66,-261.66,1.0923e-10,7.473e-11,1.0925e-10,-1,-5,-3,1.0e-12
-0.00090707,4.6163e-17,1.9754e-16,-0.00022663,-9.2065e-17,5.8914e-17,-1.0654e-16,-6.0968e-17,2.5153e-16,-2.1782,-2.1782,-2.1782,1.0001e-31,-1.454e-31,3.046e-32,-610.41,-261.66,-261.66,-1.6394e-10,-9.3818e-11,3.87e-10,-1,-3,-3,1.0e-12
-0.00090707,0,0,-0.00022663,2.8844e-16,-3.4323e-16,2.3903e-16,-1.544e-16,5.311e-17,-2.1782,-2.1782,-2.1782,6.03e-31,4.7932e-32,-1.7354e-31,-610.41,-261.66,-261.66,3.6776e-10,-2.3759e-10,8.1868e-11,-1,-5,-5,1.0e-12
-0.00090707,0,0,-0.00022663,-2.7284e-16,1.1882e-16,-2.3567e-16,3.2553e-17,1.7096e-16,-2.1782,-2.1782,-2.1782,-1.6915e-31,5.2493e-32,-6.7863e-32,-610.41,-261.66,-261.66,-3.6254e-10,5.0092e-11,2.6307e-10,-1,-3,-5,1.0e-12
-0.00090707,5.4851e-16,1.3666e-16,-0.00022663,-1.0395e-16,2.1411e-16,4.385e-17,-1.1301e-16,1.2736e-17,-2.1782,-2.1782,-2.1782,7.6039e-32,-8.286e-32,4.9138e-32,-610.41,-261.66,-261.66,6.7472e-11,-1.7389e-10,1.955e-11,-1,-1,-1,1.0e-12
-0.00090707,8.1972e-16,-3.2277e-16,-0.00022663,5.3834e-17,4.1816e-17,5.2618e-17,1.0248e-17,1.1155e-16,-2.1782,-2.1782,-2.1782,-1.8446e-31,2.2305e-31,-3.4007e-33,-610.41,-261.66,-261.66,8.0915e-11,1.577e-11,1.7168e-10,-1,-1,-3,1.0e-12
-0.00090707,0,0,-0.00022663,1.1474e-16,-1.5973e-16,5.4105e-17,1.9785e-16,9.343e-18,-2.1782,-2.1782,-2.1782,1.3882e-31,7.9521e-32,2.1249e-31,-610.41,-261.66,-261.66,8.328e-11,3.0446e-10,1.4468e-11,-1,-1,-5,1.0e-12
-0.00090707,-3.1497e-17,-8.9732e-17,-0.00022663,-4.5534e-17,1.2322e-16,-2.7624e-17,1.4877e-18,1.299e-16,-2.1782,-2.1782,-2.1782,7.7011e-32,1.2657e-32,1.8202e-33,-610.41,-261.66,-261.66,-4.2511e-11,2.2892e-12,1.9993e-10,-1,1,-1,1.0e-12
-0.00090707,2.7257e-16,-8.5642e-17,-0.00022663,1.982e-17,-1.5234e-16,-1.2271e-16,-3.9689e-17,-3.3721e-17,-2.1782,-2.1782,-2.1782,-1.6457e-31,3.7791e-32,1.4621e-32,-610.41,-261.66,-261.66,-1.8886e-10,-6.1073e-11,-5.1882e-11,-1,1,-3,1.0e-12
-0.00090707,0,0,-0.00022663,-2.0683e-17,-2.9615e-16,5.2102e-17,1.4625e-16,2.6359e-16,-2.1782,-2.1782,-2.1782,3.237e-32,9.6358e-32,-1.2809e-31,-610.41,-261.66,-261.66,8.0194e-11,2.2505e-10,4.0548e-10,-1,1,-5,1.0e-12
-0.00090707,-3.8231e-17,2.0721e-16,-0.00022663,4.8755e-17,-2.3053e-16,-2.3226e-16,-8.2633e-17,1.3455e-16,-2.1782,-2.1782,-2.1782,-6.1313e-32,5.9959e-32,-8.418e-33,-610.41,-261.66,-261.66,-3.5733e-10,-1.2716e-10,2.0705e-10,-1,3,-1,1.0e-12
-0.00090707,2.4282e-16,2.1441e-16,-0.00022663,-7.9366e-17,4.5534e-17,-8.524e-17,9.6325e-17,-1.1118e-16,-2.1782,-2.1782,-2.1782,8.9915e-32,-5.8203e-32,-4.4388e-32,-610.41,-261.66,-261.66,-1.3107e-10,1.4823e-10,-1.7105e-10,-1,3,-3,1.0e-12
-0.00090707,0,0,-0.00022663,-9.4787e-17,-3.2835e-17,1.303e-16,1.4948e-16,-2.5212e-16,-2.1782,-2.1782,-2.1782,-2.885e-32,-1.1502e-31,5.5599e-32,-610.41,-261.66,-261.66,2.0047e-10,2.3002e-10,-3.8794e-10,-1,3,-5,1.0e-12
-0.00090707,0,0,-0.00022663,2.2277e-16,-6.6667e-17,2.3653e-16,-2.2065e-17,2.2332e-17,-2.1782,-2.1782,-2.1782,-1.3294e-31,9.8756e-32,3.6984e-31,-610.41,-261.66,-261.66,3.6389e-10,-3.3954e-11,3.4442e-11,-1,5,-1,1.0e-12
-0.00090707,0,0,-0.00022663,-2.7222e-18,-2.2513e-16,1.7063e-17,-4.1188e-17,5.8474e-17,-2.1782,-2.1782,-2.1782,-1.8708e-31,2.0863e-31,-3.5615e-31,-610.41,-261.66,-261.66,2.6381e-11,-6.338e-11,8.9903e-11,-1,5,-3,1.0e-12
-0.00090707,0,0,-0.00022663,-2.7012e-16,-3.8659e-16,-2.3855e-16,-5.1021e-17,1.1581e-16,-2.1782,-2.1782,-2.1782,3.0217e-31,-8.7879e-33,5.352e-31,-610.41,-261.66,-261.66,-3.669e-10,-7.8511e-11,1.7809e-10,-1,5,-5,1.0e-12
-0.0013605,0,0,-0.00022691,-1.0794e-16,-1.2118e-16,2.4821e-16,-1.1326e-16,7.0431e-17,-2.2058,-2.2058,-2.2058,1.2835e-31,6.966e-32,9.802e-32,-611.14,-261.98,-261.98,3.8197e-10,-1.7429e-10,1.084e-10,1,-5,-1,1.0e-12
-0.0013605,-1.2461e-16,1.0959e-16,-0.00022691,2.9797e-17,-6.3313e-17,-2.4808e-16,2.7515e-16,8.997e-17,-2.2058,-2.2058,-2.2058,1.0916e-31,-1.3508e-31,-8.5004e-32,-611.14,-261.98,-261.98,-3.8171e-10,4.234e-10,1.3851e-10,1,-3,-1,1.0e-12
-0.0013605,0,0,-0.00022691,-7.3861e-16,9.243e-17,1.5833e-16,9.6887e-17,4.0421e-17,-2.2058,-2.2058,-2.2058,2.4464e-31,-1.5374e-31,6.9282e-32,-611.14,-261.98,-261.98,2.4346e-10,1.4909e-10,6.2141e-11,1,-5,-3,1.0e-12
-0.0013605,-1.214e-15,3.3574e-16,-0.00022691,2.3855e-17,-3.7417e-17,-1.1763e-16,-5.3677e-17,1.3872e-16,-2.2058,-2.2058,-2.2058,-1.3171e-31,1.2766e-31,-5.4224e-32,-611.14,-261.98,-261.98,-1.8098e-10,-8.2599e-11,2.1345e-10,1,-3,-3,1.0e-12
-0.0013605,0,0,-0.00022691,1.8685e-16,1.7941e-16,1.2281e-17,1.4633e-16,-1.5784e-16,-2.2058,-2.2058,-2.2058,-7.062e-31,-6.6281e-32,-2.4048e-32,-611.14,-261.98,-261.98,1.8832e-11,2.2518e-10,-2.4284e-10,1,-5,-5,1.0e-12
-0.0013605,0,0,-0.00022691,-2.2477e-16,2.4409e-16,-2.1387e-16,-3.3035e-16,-3.2549e-16,-2.2058,-2.2058,-2.2058,2.5538e-31,8.3869e-33,3.0664e-31,-611.14,-261.98,-261.98,-3.2906e-10,-5.0835e-10,-5.0087e-10,1,-3,-5,1.0e-12
-0.0013605,4.9409e-16,-5.3226e-17,-0.00022691,-2.7606e-16,1.5166e-16,-8.7118e-17,-4.4176e-17,6.3443e-17,-2.2058,-2.2058,-2.2058,-5.4509e-32,8.2771e-32,3.0808e-32,-611.14,-261.98,-261.98,-1.3408e-10,-6.7979e-11,9.7622e-11,1,-1,-1,1.0e-12
-0.0013605,5.6838e-16,-7.3459e-16,-0.00022691,3.2699e-16,-4.3493e-17,1.0393e-16,3.55e-17,8.3762e-17,-2.2058,-2.2058,-2.2058,-8.3646e-32,-1.6991e-31,2.5794e-32,-611.14,-261.98,-261.98,1.5998e-10,5.4627e-11,1.2885e-10,1,-1,-3,1.0e-12
-0.0013605,0,0,-0.00022691,-5.8233e-17,-4.7729e-16,4.8199e-17,1.1818e-16,-3.2925e-16,-2.2058,-2.2058,-2.2058,-2.7902e-32,6.5338e-32,-1.2062e-31,-611.14,-261.98,-261.98,7.4161e-11,1.8185e-10,-5.0658e-10,1,-1,-5,1.0e-12
-0.0013605,-9.4227e-17,1.7404e-17,-0.00022691,-2.8976e-16,-1.4658e-16,-3.4529e-17,4.93e-17,-9.6172e-17,-2.2058,-2.2058,-2.2058,-1.2955e-32,-3.8059e-32,-1.6386e-32,-611.14,-261.98,-261.98,-5.3112e-11,7.5864e-11,-1.4799e-10,1,1,-1,1.0e-12
-0.0013605,-4.0945e-17,-1.7393e-16,-0.00022691,6.2584e-18,-1.4336e-16,-3.5365e-17,2.0255e-17,-4.8527e-18,-2.2058,-2.2058,-2.2058,8.3159e-32,1.9334e-31,1.1545e-32,-611.14,-261.98,-261.98,-5.4415e-11,3.1169e-11,-7.5016e-12,1,1,-3,1.0e-12
-0.0013605,0,0,-0.00022691,-6.4309e-17,-2.0445e-16,5.3341e-17,-6.4235e-17,-3.6286e-17,-2.2058,-2.2058,-2.2058,6.1213e-32,-1.5207e-31,4.6612e-32,-611.14,-261.98,-261.98,8.212e-11,-9.8846e-11,-5.5804e-11,1,1,-5,1.0e-12
-0.0013605,-7.4603e-16,1.2119e-16,-0.00022691,-1.1071e-16,9.2745e-17,4.2784e-17,3.2668e-17,6.5124e-17,-2.2058,-2.2058,-2.2058,5.8003e-32,-3.8443e-32,5.676e-32,-611.14,-261.98,-261.98,6.591e-11,5.027e-11,1.0024e-10,1,3,-1,1.0e-12
-0.0013605,5.9188e-16,-4.9805e-16,-0.00022691,8.8529e-17,9.6148e-17,-2.3098e-17,-1.3237e-16,-1.6657e-16,-2.2058,-2.2058,-2.2058,1.116e-31,4.4155e-32,-2.2546e-32,-611.14,-261.98,-261.98,-3.5506e-11,-2.037e-10,-2.5636e-10,1,3,-3,1.0e-12
-0.0013605,0,0,-0.00022691,2.0318e-17,-3.5611e-16,1.9945e-16,1.6547e-16,-6.551e-17,-2.2058,-2.2058,-2.2058,-1.6854e-31,1.0134e-32,1.1812e-32,-611.14,-261.98,-261.98,3.0694e-10,2.5463e-10,-1.0096e-10,1,3,-5,1.0e-12
-0.0013605,0,0,-0.00022691,2.9044e-16,-1.4658e-16,2.2367e-16,-5.551e-17,-6.8675e-17,-2.2058,-2.2058,-2.2058,5.9605e-32,4.2421e-33,1.2878e-31,-611.14,-261.98,-261.98,3.4431e-10,-8.5419e-11,-1.0567e-10,1,5,-1,1.0e-12
-0.0013605,0,0,-0.00022691,4.1633e-17,-4.3738e-16,3.3347e-17,7.3816e-17,1.353e-16,-2.2058,-2.2058,-2.2058,1.5648e-31,-9.6718e-32,-2.9167e-33,-611.14,-261.98,-261.98,5.1436e-11,1.1359e-10,2.0817e-10,1,5,-3,1.0e-12
-0.0013605,0,0,-0.00022691,-1.6926e-16,-3.5883e-16,-1.3199e-16,-2.0104e-16,1.9908e-16,-2.2058,-2.2058,-2.2058,-5.4944e-32,3.6954e-32,-1.3573e-31,-611.14,-261.98,-261.98,-2.0305e-10,-3.0936e-10,3.0624e-10,1,5,-5,1.0e-12
-0.0018148,0,0,-0.00022757,-5.6129e-16,1.2935e-16,6.146e-17,9.3762e-17,-2.3142e-16,-1.3678,-1.3678,-1.3678,1.1331e-31,-1.5398e-32,-1.5933e-32,-612.93,-262.74,-262.74,9.4395e-11,1.4428e-10,-3.5618e-10,3,-5,-1,1.0e-12
-0.0018148,-4.8018e-16,3.0702e-17,-0.00022757,6.2815e-17,1.8214e-16,-5.859e-17,2.8013e-17,8.7361e-17,-1.3678,-1.3678,-1.3678,-1.8536e-32,1.1494e-32,-9.7595e-34,-612.93,-262.74,-262.74,-9.0102e-11,4.3107e-11,1.3447e-10,3,-3,-1,1.0e-12
-0.0018148,0,0,-0.00022757,3.3244e-16,-2.3728e-16,-3.2965e-16,-1.4086e-16,3.2404e-16,-1.3678,-1.3678,-1.3678,-6.1628e-32,-8.6273e-32,-6.7116e-32,-612.93,-262.74,-262.74,-5.0749e-10,-2.1675e-10,4.9861e-10,3,-5,-3,1.0e-12
-0.0018148,-3.1334e-16,-2.7571e-16,-0.00022757,7.8868e-17,1.2272e-16,-1.1688e-16,-5.9857e-18,-7.5076e-17,-1.3678,-1.3678,-1.3678,-6.3655e-32,7.7483e-32,8.7324e-32,-612.93,-262.74,-262.74,-1.7991e-10,-9.2108e-12,-1.1558e-10,3,-3,-3,1.0e-12
-0.0018148,0,0,-0.00022757,3.8731e-16,6.6686e-16,2.844e-16,1.4396e-16,-3.6565e-16,-1.3678,-1.3678,-1.3678,-2.4513e-32,-2.8976e-31,-2.4861e-31,-612.93,-262.74,-262.74,4.377e-10,2.2153e-10,-5.6222e-10,3,-5,-5,1.0e-12
-0.0018148,0,0,-0.00022757,-3.6291e-16,-2.2513e-16,1.1908e-16,-1.3104e-16,-1.3815e-16,-1.3678,-1.3678,-1.3678,8.0251e-32,-1.3285e-31,-6.6512e-32,-612.93,-262.74,-262.74,1.8325e-10,-2.0164e-10,-2.1263e-10,3,-3,-5,1.0e-12
-0.0018148,7.316e-16,4.3094e-16,-0.00022757,-1.2326e-32,7.9731e-17,6.4731e-17,-5.2126e-17,2.2322e-18,-1.3678,-1.3678,-1.3678,-4.7946e-32,3.6806e-32,-2.9328e-32,-612.93,-262.74,-262.74,9.9662e-11,-8.0212e-11,3.4332e-12,3,-1,-1,1.0e-12
-0.0018148,7.9319e-16,-5.3483e-16,-0.00022757,-9.114e-18,-4.009e-17,-6.6327e-17,7.2684e-17,4.2588e-16,-1.3678,-1.3678,-1.3678,1.0714e-31,3.9761e-32,-1.3588e-31,-612.93,-262.74,-262.74,-1.02e-10,1.1185e-10,6.5525e-10,3,-1,-3,1.0e-12
-0.0018148,0,0,-0.00022757,1.2152e-17,-3.1447e-16,1.346e-16,3.2025e-16,-7.3714e-19,-1.3678,-1.3678,-1.3678,-4.5295e-32,-4.6387e-32,2.0196e-32,-612.93,-262.74,-262.74,2.0719e-10,4.928e-10,-9.6996e-13,3,-1,-5,1.0e-12
-0.0018148,-1.4244e-16,-1.4701e-16,-0.00022757,-1.0984e-16,3.9774e-17,8.8131e-18,-1.4056e-16,-1.0443e-16,-1.3678,-1.3678,-1.3678,8.0185e-32,3.8752e-32,2.571e-32,-612.93,-262.74,-262.74,1.3548e-11,-2.1629e-10,-1.6075e-10,3,1,-1,1.0e-12
-0.0018148,3.4357e-16,1.4568e-16,-0.00022757,-1.8313e-16,-5.6192e-17,-4.1918e-17,-3.8456e-18,-3.7408e-17,-1.3678,-1.3678,-1.3678,-7.7214e-34,-1.7767e-31,2.5305e-34,-612.93,-262.74,-262.74,-6.4471e-11,-5.9177e-12,-5.7612e-11,3,1,-3,1.0e-12
-0.0018148,0,0,-0.00022757,1.8277e-16,-2.9117e-17,1.0539e-17,1.5571e-16,-1.1283e-16,-1.3678,-1.3678,-1.3678,-1.9715e-31,5.6664e-32,-4.1145e-32,-612.93,-262.74,-262.74,1.6275e-11,2.3961e-10,-1.7369e-10,3,1,-5,1.0e-12
-0.0018148,4.8675e-16,-6.2254e-17,-0.00022757,3.6554e-17,1.1703e-17,-2.2055e-17,2.4111e-17,-1.0413e-16,-1.3678,-1.3678,-1.3678,1.545e-31,2.1529e-33,1.7375e-32,-612.93,-262.74,-262.74,-3.3933e-11,3.7102e-11,-1.6022e-10,3,3,-1,1.0e-12
-0.0018148,1.2134e-16,-3.4246e-16,-0.00022757,-9.9684e-17,-8.6985e-17,6.989e-17,-1.1951e-17,1.5096e-16,-1.3678,-1.3678,-1.3678,-7.7591e-32,-3.8913e-32,1.416e-31,-612.93,-262.74,-262.74,1.0759e-10,-1.839e-11,2.3229e-10,3,3,-3,1.0e-12
-0.0018148,0,0,-0.00022757,-2.4781e-16,-1.7533e-16,-1.5196e-16,-2.6604e-17,-1.9921e-16,-1.3678,-1.3678,-1.3678,4.6153e-32,-3.0382e-34,-1.0313e-32,-612.93,-262.74,-262.74,-2.3385e-10,-4.0939e-11,-3.0646e-10,3,3,-5,1.0e-12
-0.0018148,0,0,-0.00022757,2.7892e-16,-3.7185e-18,3.5424e-17,1.013e-17,-3.1709e-17,-1.3678,-1.3678,-1.3678,5.245e-32,-8.022e-32,-5.3185e-32,-612.93,-262.74,-262.74,5.4577e-11,1.5588e-11,-4.8722e-11,3,5,-1,1.0e-12
-0.0018148,0,0,-0.00022757,-5.8233e-17,-1.425e-16,-1.2389e-16,-1.3903e-18,2.5879e-16,-1.3678,-1.3678,-1.3678,5.8257e-33,3.4621e-32,2.0563e-32,-612.93,-262.74,-262.74,-1.9056e-10,-2.1394e-12,3.9812e-10,3,5,-3,1.0e-12
-0.0018148,0,0,-0.00022757,-3.4867e-16,-1.5365e-16,5.0745e-16,-3.0706e-17,-7.4769e-17,-1.3678,-1.3678,-1.3678,6.7141e-33,6.8506e-32,-4.0038e-32,-612.93,-262.74,-262.74,7.8097e-10,-4.725e-11,-1.1509e-10,3,5,-5,1.0e-12
-0.0022708,0,0,-0.000228,-1.4549e-16,2.166e-16,-7.745e-17,-8.8177e-17,-1.4004e-16,-1.788,-1.788,-1.788,-1.3823e-32,3.484e-32,-6.3767e-32,-614.08,-263.24,-263.24,-1.1946e-10,-1.3569e-10,-2.1554e-10,5,-5,-1,1.0e-12
-0.0022708,1.7158e-16,-3.8524e-16,-0.000228,-1.4459e-16,-4.1162e-16,-3.1046e-16,2.4326e-16,-1.4321e-16,-1.788,-1.788,-1.788,-1.5556e-32,-2.8232e-32,8.3796e-32,-614.08,-263.24,-263.24,-4.7778e-10,3.7433e-10,-2.2039e-10,5,-3,-1,1.0e-12
-0.0022708,0,0,-0.000228,-6.3094e-16,9.3426e-17,4.3241e-16,4.289e-17,2.4644e-16,-1.788,-1.788,-1.788,8.19e-32,4.9674e-32,-9.0164e-32,-614.08,-263.24,-263.24,6.6543e-10,6.6e-11,3.7936e-10,5,-5,-3,1.0e-12
-0.0022708,-5.144e-16,4.1599e-16,-0.000228,-6.4407e-18,-4.157e-16,-2.2153e-17,-1.9839e-17,2.1612e-16,-1.788,-1.788,-1.788,-3.1827e-31,-1.8841e-33,2.9811e-32,-614.08,-263.24,-263.24,-3.4075e-11,-3.0528e-11,3.3263e-10,5,-3,-3,1.0e-12
-0.0022708,0,0,-0.000228,-1.9376e-16,-2.2749e-16,-9.3521e-17,1.3801e-16,4.1835e-16,-1.788,-1.788,-1.788,-1.1915e-31,-2.2131e-31,4.1187e-32,-614.08,-263.24,-263.24,-1.4372e-10,2.1237e-10,6.4397e-10,5,-5,-5,1.0e-12
-0.0022708,0,0,-0.000228,-4.5352e-17,-2.1582e-17,3.1809e-16,-2.1512e-16,9.8418e-16,-1.788,-1.788,-1.788,4.3479e-32,8.164e-32,-2.6214e-31,-614.08,-263.24,-263.24,4.8955e-10,-3.3103e-10,1.5145e-09,5,-3,-5,1.0e-12
-0.0022708,7.3611e-17,3.1028e-16,-0.000228,-2.1696e-16,-2.5661e-16,-3.0833e-16,5.1438e-17,2.5031e-17,-1.788,-1.788,-1.788,-9.9267e-32,2.8249e-32,6.8871e-32,-614.08,-263.24,-263.24,-4.7441e-10,7.9154e-11,3.8547e-11,5,-1,-1,1.0e-12
-0.0022708,-4.4362e-16,7.2609e-16,-0.000228,1.4422e-16,-3.0113e-17,-1.9936e-16,-1.0608e-17,4.0814e-16,-1.788,-1.788,-1.788,2.6209e-32,1.9674e-32,-7.4305e-32,-614.08,-263.24,-263.24,-3.0668e-10,-1.6323e-11,6.2783e-10,5,-1,-3,1.0e-12
-0.0022708,0,0,-0.000228,-5.3824e-16,5.2337e-16,-4.2805e-17,-2.1123e-16,-2.3451e-16,-1.788,-1.788,-1.788,-1.055e-31,5.1907e-32,9.0401e-32,-614.08,-263.24,-263.24,-6.5903e-11,-3.2504e-10,-3.6081e-10,5,-1,-5,1.0e-12
-0.0022708,-1.096e-16,-1.832e-16,-0.000228,-1.3134e-16,-8.6985e-17,1.3366e-16,-2.7155e-17,-7.3553e-17,-1.788,-1.788,-1.788,-7.4097e-32,-1.0952e-31,-2.6819e-32,-614.08,-263.24,-263.24,2.0574e-10,-4.1786e-11,-1.1324e-10,5,1,-1,1.0e-12
-0.0022708,-3.5559e-16,-2.0798e-16,-0.000228,3.8287e-16,-2.752e-16,-3.3106e-16,-3.1545e-16,2.7242e-16,-1.788,-1.788,-1.788,-1.2589e-31,3.7159e-32,-2.4149e-32,-614.08,-263.24,-263.24,-5.094e-10,-4.8542e-10,4.1918e-10,5,1,-3,1.0e-12
-0.0022708,0,0,-0.000228,1.0159e-16,-5.2789e-17,-2.6785e-16,-3.1897e-17,2.0902e-16,-1.788,-1.788,-1.788,1.2892e-31,-3.3757e-32,7.0236e-33,-614.08,-263.24,-263.24,-4.1222e-10,-4.9084e-11,3.2212e-10,5,1,-5,1.0e-12
-0.0022708,4.7294e-17,-2.3326e-16,-0.000228,-3.7915e-17,-1.1511e-16,1.9675e-16,-1.2234e-16,-1.5206e-16,-1.788,-1.788,-1.788,-1.8756e-31,-1.44e-32,-3.1719e-32,-614.08,-263.24,-263.24,3.0288e-10,-1.8825e-10,-2.3397e-10,5,3,-1,1.0e-12
-0.0022708,3.4422e-16,-3.143e-17,-0.000228,1.4114e-16,5.7237e-17,-4.4682e-17,-7.6579e-17,2.2924e-16,-1.788,-1.788,-1.788,6.4221e-32,2.7424e-32,2.2868e-32,-614.08,-263.24,-263.24,-6.8873e-11,-1.1784e-10,3.5272e-10,5,3,-3,1.0e-12
-0.0022708,0,0,-0.000228,0,7.8552e-17,3.5061e-16,3.6013e-16,-5.4044e-16,-1.788,-1.788,-1.788,-4.3642e-32,2.7457e-32,-9.3564e-33,-614.08,-263.24,-263.24,5.3962e-10,5.5418e-10,-8.3167e-10,5,3,-5,1.0e-12
-0.0022708,0,0,-0.000228,-2.5797e-16,4.8074e-17,-3.4511e-17,1.5436e-16,-5.4306e-17,-1.788,-1.788,-1.788,7.7052e-32,-3.571e-32,1.3981e-32,-614.08,-263.24,-263.24,-5.3107e-11,2.3753e-10,-8.3572e-11,5,5,-1,1.0e-12
-0.0022708,0,0,-0.000228,-4.2251e-16,1.9973e-16,8.7894e-17,2.0855e-16,-2.1711e-17,-1.788,-1.788,-1.788,1.8885e-31,1.3073e-31,-7.7479e-32,-614.08,-263.24,-263.24,1.3526e-10,3.2092e-10,-3.344e-11,5,5,-3,1.0e-12
-0.0022708,0,0,-0.000228,3.737e-16,1.7742e-16,-5.6523e-16,-3.4027e-18,1.0948e-17,-1.788,-1.788,-1.788,2.1408e-32,-3.2287e-32,1.3682e-32,-614.08,-263.24,-263.24,-8.6965e-10,-5.2361e-12,1.651e-11,5,5,-5,1.0e-12
0,0,0,-0.00022689,2.3147e-16,1.9084e-16,1.7179e-17,-3.1082e-16,6.1824e-18,-1.6892,-1.6892,-1.6892,-2.1528e-31,-1.6498e-32,3.6414e-32,-611.09,-261.96,-261.96,2.6536e-11,-4.783e-10,9.4847e-12,-5,-5,5,1.0e-12
0,0,0,-0.00022689,3.2636e-16,1.5837e-16,-1.0132e-16,2.1023e-16,2.0634e-17,-1.6892,-1.6892,-1.6892,2.8278e-32,-1.5014e-31,1.5755e-31,-611.09,-261.96,-261.96,-1.5591e-10,3.2351e-10,3.1746e-11,-5,-5,3,1.0e-12
0,0,0,-0.00022689,-5.4515e-17,-2.9007e-16,-8.2261e-17,-4.0032e-17,-2.827e-17,-1.6892,-1.6892,-1.6892,-1.2047e-31,2.9327e-32,-2.4363e-32,-611.09,-261.96,-261.96,-1.2654e-10,-6.1601e-11,-4.3462e-11,-5,-3,3,1.0e-12
0,0,0,-0.00022689,-4.488e-16,-4.7457e-16,-2.4081e-16,1.8247e-16,2.7615e-16,-1.6892,-1.6892,-1.6892,2.0314e-31,-2.6191e-32,4.8635e-32,-611.09,-261.96,-261.96,-3.7045e-10,2.8079e-10,4.2496e-10,-5,-3,5,1.0e-12
-0.00045383,0,0,-0.00022674,1.1374e-16,-8.2596e-16,1.6047e-16,-2.7987e-16,6.0455e-17,-1.3361,-1.3361,-1.3361,-4.6608e-31,4.9722e-32,1.7747e-32,-610.7,-261.79,-261.79,2.4693e-10,-4.3067e-10,9.3016e-11,-3,-5,5,1.0e-12
-0.00045383,0,0,-0.00022674,1.5538e-16,-1.5946e-16,5.3516e-16,3.656e-17,1.7082e-16,-1.3361,-1.3361,-1.3361,2.4609e-31,2.844e-32,1.4472e-32,-610.7,-261.79,-261.79,8.2353e-10,5.6259e-11,2.6288e-10,-3,-5,3,1.0e-12
-0.00045383,-1.3579e-16,-5.3643e-16,-0.00022674,-3.2903e-16,1.371e-16,-4.846e-16,2.0884e-17,1.8345e-16,-1.3361,-1.3361,-1.3361,-1.6634e-31,2.6895e-32,-1.5444e-31,-610.7,-261.79,-261.79,-7.4573e-10,3.2137e-11,2.8223e-10,-3,-3,3,1.0e-12
-0.00045383,0,0,-0.00022674,2.4545e-16,9.0704e-17,-2.6755e-17,9.7591e-17,-3.8446e-16,-1.3361,-1.3361,-1.3361,2.5077e-31,-5.3207e-32,-6.144e-33,-610.7,-261.79,-261.79,-4.1115e-11,1.5017e-10,-5.9168e-10,-3,-3,5,1.0e-12
0,0,0,-0.00022689,4.7149e-18,1.9429e-16,5.1876e-16,-6.6827e-17,8.8906e-18,-1.6892,-1.6892,-1.6892,-7.1302e-32,7.7797e-32,-1.6434e-31,-611.09,-261.96,-261.96,7.9811e-10,-1.0283e-10,1.3688e-11,-5,-5,1,1.0e-12
0,0,0,-0.00022689,6.0955e-17,-1.3333e-16,-2.8857e-16,-2.4294e-17,-2.156e-17,-1.6892,-1.6892,-1.6892,1.1023e-32,-9.6137e-32,-4.254e-32,-611.09,-261.96,-261.96,-4.4401e-10,-3.7384e-11,-3.318e-11,-5,-3,1,1.0e-12
-0.00045383,0,0,-0.00022674,7.3472e-17,-1.7297e-16,1.5093e-17,3.8983e-17,-7.6846e-17,-1.3361,-1.3361,-1.3361,1.1295e-32,6.6441e-33,-2.8383e-32,-610.7,-261.79,-261.79,2.3229e-11,5.9988e-11,-1.1823e-10,-3,-5,1,1.0e-12
-0.00045383,-6.2683e-16,-4.4974e-17,-0.00022674,1.6653e-16,-1.6944e-16,-9.111e-17,-1.1002e-16,1.6557e-16,-1.3361,-1.3361,-1.3361,3.5237e-32,1.3709e-32,8.8737e-32,-610.7,-261.79,-261.79,-1.4008e-10,-1.693e-10,2.5484e-10,-3,-3,1,1.0e-12
0,0,0,-0.00022689,-3.5783e-16,-3.6554e-17,-8.8429e-17,8.198e-17,-1.3362e-18,-1.6892,-1.6892,-1.6892,2.483e-32,-1.1097e-32,2.2936e-31,-611.09,-261.96,-261.96,-1.3619e-10,1.2615e-10,-2.0433e-12,-5,-1,3,1.0e-12
0,0,0,-0.00022689,-1.6381e-16,5.1992e-16,3.4808e-17,1.528e-16,-1.5039e-16,-1.6892,-1.6892,-1.6892,4.0797e-31,8.6224e-32,-8.2793e-32,-611.09,-261.96,-261.96,5.3606e-11,2.3513e-10,-2.315e-10,-5,-1,5,1.0e-12
-0.00045383,4.0365e-16,1.4971e-16,-0.00022674,-7.8685e-17,-7.0932e-17,-1.0524e-16,1.0512e-17,-1.4128e-16,-1.3361,-1.3361,-1.3361,4.7755e-32,2.8476e-32,-1.1793e-31,-610.7,-261.79,-261.79,-1.6201e-10,1.6175e-11,-2.1739e-10,-3,-1,3,1.0e-12
-0.00045383,0,0,-0.00022674,4.1269e-17,2.1261e-16,-2.028e-16,-2.1589e-16,3.3155e-16,-1.3361,-1.3361,-1.3361,-7.1394e-32,-2.0767e-32,2.1713e-31,-610.7,-261.79,-261.79,-3.121e-10,-3.3221e-10,5.1026e-10,-3,-1,5,1.0e-12
0,0,0,-0.00022689,-2.8908e-16,7.075e-17,3.5493e-17,-4.9391e-18,-1.6625e-16,-1.6892,-1.6892,-1.6892,-1.421e-31,-9.5505e-32,-1.289e-31,-611.09,-261.96,-261.96,5.4622e-11,-7.6003e-12,-2.5576e-10,-5,-1,1,1.0e-12
-0.00045383,8.1209e-17,-9.3699e-16,-0.00022674,2.9502e-16,8.7532e-17,-2.8456e-17,5.8195e-17,-1.2025e-16,-1.3361,-1.3361,-1.3361,-3.7113e-32,2.2924e-33,-1.5476e-32,-610.7,-261.79,-261.79,-4.3807e-11,8.955e-11,-1.8507e-10,-3,-1,1,1.0e-12
0,0,0,-0.00022689,-1.2019e-16,3.3987e-16,-4.9289e-17,1.0394e-17,-1.0456e-16,-1.6892,-1.6892,-1.6892,-1.3577e-31,-7.1043e-32,-2.0935e-31,-611.09,-261.96,-261.96,-7.5763e-11,1.5994e-11,-1.6084e-10,-5,1,3,1.0e-12
0,0,0,-0.00022689,2.4037e-16,-3.1547e-16,1.7878e-16,-2.2894e-17,7.7775e-18,-1.6892,-1.6892,-1.6892,-4.0569e-32,-5.9891e-32,9.731e-32,-611.09,-261.96,-261.96,2.7511e-10,-3.5229e-11,1.191e-11,-5,1,5,1.0e-12
-0.00045383,-3.4403e-16,7.6896e-17,-0.00022674,-8.2586e-17,-5.4017e-17,1.3498e-16,-2.4336e-16,-4.1976e-17,-1.3361,-1.3361,-1.3361,9.9454e-32,-9.4768e-32,6.4246e-32,-610.7,-261.79,-261.79,2.0776e-10,-3.7448e-10,-6.4558e-11,-3,1,3,1.0e-12
-0.00045383,0,0,-0.00022674,-1.9193e-16,-9.7145e-17,3.0885e-17,1.1407e-16,-3.0985e-16,-1.3361,-1.3361,-1.3361,-5.2575e-32,-3.4036e-32,-1.7594e-31,-610.7,-261.79,-261.79,4.7509e-11,1.7553e-10,-4.769e-10,-3,1,5,1.0e-12
0,0,0,-0.00022689,-1.1202e-16,-1.1474e-16,2.5518e-16,4.0065e-17,8.2602e-18,-1.6892,-1.6892,-1.6892,3.6022e-32,9.0446e-32,2.9244e-31,-611.09,-261.96,-261.96,3.9261e-10,6.1652e-11,1.2719e-11,-5,1,1,1.0e-12
-0.00045383,6.3443e-16,6.5616e-17,-0.00022674,1.3388e-16,1.7334e-16,2.3096e-17,9.4639e-17,2.5262e-16,-1.3361,-1.3361,-1.3361,1.1848e-31,1.5926e-32,-7.8383e-32,-610.7,-261.79,-261.79,3.5482e-11,1.4563e-10,3.8878e-10,-3,1,1,1.0e-12
0,0,0,-0.00022689,2.5797e-16,-7.2111e-17,-3.7318e-17,-6.4201e-17,1.1591e-17,-1.6892,-1.6892,-1.6892,-6.0346e-32,6.136e-32,6.8703e-32,-611.09,-261.96,-261.96,-5.7416e-11,-9.8794e-11,1.7858e-11,-5,3,3,1.0e-12
0,0,0,-0.00022689,-2.9117e-16,2.83e-16,9.6089e-17,-3.4354e-17,-7.9352e-17,-1.6892,-1.6892,-1.6892,5.5151e-32,-9.1577e-33,-1.4359e-31,-611.09,-261.96,-261.96,1.4778e-10,-5.2865e-11,-1.221e-10,-5,3,5,1.0e-12
-0.00045383,9.7283e-17,-6.137e-16,-0.00022674,-2.3356e-17,-3.1633e-16,-9.5698e-17,-5.6223e-17,-1.4843e-16,-1.3361,-1.3361,-1.3361,6.7024e-33,5.657e-32,-7.2466e-32,-610.7,-261.79,-261.79,-1.4733e-10,-8.6516e-11,-2.2837e-10,-3,3,3,1.0e-12
-0.00045383,0,0,-0.00022674,3.32e-17,-1.571e-16,3.5871e-17,-2.2008e-16,2.3921e-16,-1.3361,-1.3361,-1.3361,3.8503e-32,3.4024e-32,4.1975e-32,-610.7,-261.79,-261.79,5.5276e-11,-3.3866e-10,3.6803e-10,-3,3,5,1.0e-12
0,0,0,-0.00022689,1.9589e-17,7.6826e-17,5.0476e-17,-2.8191e-17,-1.2344e-17,-1.6892,-1.6892,-1.6892,9.5935e-32,-3.0515e-32,-1.4708e-31,-611.09,-261.96,-261.96,7.7593e-11,-4.3381e-11,-1.8969e-11,-5,3,1,1.0e-12
-0.00045383,9.0221e-16,5.0143e-17,-0.00022674,-1.4504e-16,-1.0544e-16,-7.8758e-17,5.3895e-17,1.1143e-16,-1.3361,-1.3361,-1.3361,-1.4871e-31,-9.7876e-32,5.3199e-32,-610.7,-261.79,-261.79,-1.2113e-10,8.2934e-11,1.7153e-10,-3,3,1,1.0e-12
0,0,0,-0.00022689,-5.6872e-16,-1.5166e-16,-1.1965e-16,-2.6249e-17,-1.5557e-16,-1.6892,-1.6892,-1.6892,-2.0699e-31,-6.2407e-32,-7.6167e-32,-611.09,-261.96,-261.96,-1.8411e-10,-4.0392e-11,-2.3934e-10,-5,5,3,1.0e-12
0,0,0,-0.00022689,-1.5166e-16,-1.2045e-16,-2.8669e-16,4.9818e-17,-1.5845e-16,-1.6892,-1.6892,-1.6892,-3.4843e-31,-3.2915e-32,8.5538e-32,-611.09,-261.96,-261.96,-4.4108e-10,7.666e-11,-2.4381e-10,-5,5,5,1.0e-12
-0.00045383,0,0,-0.00022674,3.3888e-16,-3.6554e-17,-2.4736e-16,-5.3295e-17,2.0583e-16,-1.3361,-1.3361,-1.3361,1.5936e-31,-9.7684e-32,-5.0745e-32,-610.7,-261.79,-261.79,-3.8067e-10,-8.2011e-11,3.1677e-10,-3,5,3,1.0e-12
-0.00045383,0,0,-0.00022674,5.0067e-17,5.9847e-16,1.4698e-16,2.2526e-16,-1.5455e-17,-1.3361,-1.3361,-1.3361,1.773e-32,3.3218e-32,6.4367e-32,-610.7,-261.79,-261.79,2.2616e-10,3.4664e-10,-2.3708e-11,-3,5,5,1.0e-12
0,0,0,-0.00022689,4.401e-16,8.5989e-17,-3.2762e-17,-1.206e-17,1.0655e-16,-1.6892,-1.6892,-1.6892,-2.5626e-32,-1.2154e-32,8.028e-32,-611.09,-261.96,-261.96,-5.0414e-11,-1.8557e-11,1.6397e-10,-5,5,1,1.0e-12
-0.00045383,0,0,-0.00022674,-5.0169e-16,-1.6554e-16,-2.725e-16,-1.5661e-16,-1.2921e-16,-1.3361,-1.3361,-1.3361,1.005e-32,-3.4974e-32,1.5493e-32,-610.7,-261.79,-261.79,-4.1931e-10,-2.41e-10,-1.9884e-10,-3,5,1,1.0e-12
-0.00090707,0,0,-0.00022663,-2.9787e-16,-5.0777e-16,4.2295e-16,1.2752e-16,-1.6667e-16,-2.1782,-2.1782,-2.1782,7.9843e-31,-2.3478e-32,-2.1971e-31,-610.41,-261.66,-261.66,6.5076e-10,1.9623e-10,-2.5656e-10,-1,-5,5,1.0e-12
-0.00090707,0,0,-0.00022663,-4.167e-16,-3.0113e-17,-3.2539e-16,2.7808e-16,9.0737e-17,-2.1782,-2.1782,-2.1782,3.5584e-32,3.8817e-32,1.3369e-32,-610.41,-261.66,-261.66,-5.008e-10,4.2792e-10,1.396e-10,-1,-5,3,1.0e-12
-0.00090707,-2.5482e-16,4.204e-16,-0.00022663,6.2632e-17,-1.8245e-16,2.5048e-17,3.2071e-17,-1.5044e-16,-2.1782,-2.1782,-2.1782,2.5643e-31,-9.8962e-32,1.9981e-32,-610.41,-261.66,-261.66,3.8555e-11,4.9351e-11,-2.3145e-10,-1,-3,3,1.0e-12
-0.00090707,0,0,-0.00022663,-1.2364e-16,5.8087e-16,-1.2479e-16,1.5115e-16,4.4368e-16,-2.1782,-2.1782,-2.1782,-4.6144e-31,1.3439e-31,1.4113e-31,-610.41,-261.66,-261.66,-1.9204e-10,2.3259e-10,6.8267e-10,-1,-3,5,1.0e-12
-0.00090707,0,0,-0.00022663,-3.338e-16,-1.6182e-16,2.0505e-16,-1.3056e-16,6.6015e-17,-2.1782,-2.1782,-2.1782,-6.6588e-32,4.9144e-32,-1.8042e-32,-610.41,-261.66,-261.66,3.1547e-10,-2.009e-10,1.0161e-10,-1,-5,1,1.0e-12
-0.00090707,-1.1033e-15,-2.934e-16,-0.00022663,3.3529e-16,1.1678e-16,1.0637e-17,-1.0736e-16,-3.1237e-17,-2.1782,-2.1782,-2.1782,-2.7324e-32,-2.5548e-32,-8.1229e-32,-610.41,-261.66,-261.66,1.6325e-11,-1.652e-10,-4.8097e-11,-1,-3,1,1.0e-12
-0.00090707,-2.0279e-16,-3.6436e-17,-0.00022663,2.0481e-16,-6.5488e-17,5.7667e-19,-1.4033e-16,1.646e-17,-2.1782,-2.1782,-2.1782,-1.3795e-31,7.0059e-32,-8.9836e-32,-610.41,-261.66,-261.66,8.9823e-13,-2.1593e-10,2.5378e-11,-1,-1,3,1.0e-12
-0.00090707,0,0,-0.00022663,3.7648e-17,4.6081e-17,-4.2371e-17,1.427e-16,-2.2219e-16,-2.1782,-2.1782,-2.1782,2.1193e-31,-1.4629e-31,-3.3659e-31,-610.41,-261.66,-261.66,-6.5226e-11,2.1959e-10,-3.4192e-10,-1,-1,5,1.0e-12
-0.00090707,2.1135e-16,2.1842e-16,-0.00022663,-2.4718e-17,-5.2971e-17,1.1265e-16,-1.278e-17,1.3352e-16,-2.1782,-2.1782,-2.1782,-1.4077e-31,-2.0582e-32,1.2619e-31,-610.41,-261.66,-261.66,1.7338e-10,-1.9666e-11,2.0546e-10,-1,-1,1,1.0e-12
-0.00090707,1.9772e-16,-2.4687e-16,-0.00022663,-9.4969e-17,-3.0431e-16,5.5245e-17,5.6772e-17,-3.8666e-17,-2.1782,-2.1782,-2.1782,2.1096e-31,5.1808e-33,-7.2258e-32,-610.41,-261.66,-261.66,8.4902e-11,8.7361e-11,-5.9546e-11,-1,1,3,1.0e-12
-0.00090707,0,0,-0.00022663,1.493e-16,2.6441e-16,5.9651e-17,-1.3487e-16,1.0239e-16,-2.1782,-2.1782,-2.1782,-2.6777e-31,9.7413e-32,2.8856e-31,-610.41,-261.66,-261.66,9.1791e-11,-2.0754e-10,1.5758e-10,-1,1,5,1.0e-12
-0.00090707,1.5555e-16,3.426e-16,-0.00022663,-4.1633e-17,-1.3456e-16,2.4997e-17,-5.1171e-17,-3.5706e-17,-2.1782,-2.1782,-2.1782,-1.0307e-31,1.2258e-31,2.9176e-33,-610.41,-261.66,-261.66,3.8501e-11,-7.8742e-11,-5.4974e-11,-1,1,1,1.0e-12
-0.00090707,-3.7872e-16,6.7862e-18,-0.00022663,1.1022e-17,4.7211e-17,-5.9518e-17,8.5107e-17,4.6023e-17,-2.1782,-2.1782,-2.1782,-6.6657e-32,-1.1107e-31,5.0662e-32,-610.41,-261.66,-261.66,-9.1524e-11,1.3096e-10,7.0826e-11,-1,3,3,1.0e-12
-0.00090707,0,0,-0.00022663,-7.075e-17,-9.9638e-19,5.2797e-17,1.6872e-17,2.0898e-16,-2.1782,-2.1782,-2.1782,7.3971e-32,-1.3865e-31,2.4887e-32,-610.41,-261.66,-261.66,8.1308e-11,2.5963e-11,3.2156e-10,-1,3,5,1.0e-12
-0.00090707,1.5086e-16,-3.3948e-16,-0.00022663,8.1407e-17,-1.3338e-16,-1.0008e-16,-9.5066e-17,-1.0976e-16,-2.1782,-2.1782,-2.1782,-1.7708e-33,-5.7655e-32,-1.0898e-31,-610.41,-261.66,-261.66,-1.5394e-10,-1.4629e-10,-1.6887e-10,-1,3,1,1.0e-12
-0.00090707,0,0,-0.00022663,1.1783e-16,4.0272e-17,7.3698e-17,6.9463e-17,-2.8987e-16,-2.1782,-2.1782,-2.1782,2.2259e-31,1.7938e-31,1.1349e-31,-610.41,-261.66,-261.66,1.1346e-10,1.0689e-10,-4.4599e-10,-1,5,3,1.0e-12
-0.00090707,0,0,-0.00022663,4.421e-16,1.2118e-16,3.3012e-16,-6.4741e-18,6.0564e-17,-2.1782,-2.1782,-2.1782,-2.107e-31,-5.7076e-32,-1.7297e-31,-610.41,-261.66,-261.66,5.0794e-10,-9.9624e-12,9.3194e-11,-1,5,5,1.0e-12
-0.00090707,0,0,-0.00022663,1.7434e-16,1.5302e-16,1.3498e-16,1.8167e-16,2.6838e-16,-2.1782,-2.1782,-2.1782,2.7295e-31,1.0458e-31,1.2247e-32,-610.41,-261.66,-261.66,2.0785e-10,2.7956e-10,4.1296e-10,-1,5,1,1.0e-12
-0.0013605,0,0,-0.00022691,1.1647e-16,-2.2311e-17,7.4978e-17,2.898e-17,-9.8123e-18,-2.2058,-2.2058,-2.2058,-2.1758e-31,1.2911e-31,1.7239e-31,-611.14,-261.98,-261.98,1.1526e-10,4.4595e-11,-1.5027e-11,1,-5,5,1.0e-12
-0.0013605,0,0,-0.00022691,6.7938e-16,-5.3154e-17,2.7093e-16,2.3865e-17,2.0814e-16,-2.2058,-2.2058,-2.2058,1.2177e-31,-1.1903e-31,-9.8729e-32,-611.14,-261.98,-261.98,4.1697e-10,3.6724e-11,3.2027e-10,1,-5,3,1.0e-12
-0.0013605,4.7093e-16,3.9453e-16,-0.00022691,1.1189e-16,-1.7248e-16,-1.1142e-16,-7.1065e-17,-1.1515e-16,-2.2058,-2.2058,-2.2058,-2.1085e-31,2.3166e-31,1.3994e-31,-611.14,-261.98,-261.98,-1.7148e-10,-1.0936e-10,-1.7719e-10,1,-3,3,1.0e-12
-0.0013605,0,0,-0.00022691,-2.3629e-16,1.1338e-16,-1.4136e-16,-2.5368e-17,-1.468e-17,-2.2058,-2.2058,-2.2058,3.6159e-31,4.6246e-32,4.4409e-32,-611.14,-261.98,-261.98,-2.1744e-10,-3.9037e-11,-2.2774e-11,1,-3,5,1.0e-12
-0.0013605,0,0,-0.00022691,3.5548e-16,7.2743e-17,4.2863e-16,-1.5918e-17,8.175e-17,-2.2058,-2.2058,-2.2058,-7.8162e-32,7.9967e-32,-2.8109e-32,-611.14,-261.98,-261.98,6.5946e-10,-2.4495e-11,1.2582e-10,1,-5,1,1.0e-12
-0.0013605,2.6977e-16,5.5953e-17,-0.00022691,-3.2754e-16,1.2087e-16,-2.2157e-16,9.5325e-17,1.4809e-16,-2.2058,-2.2058,-2.2058,-2.5472e-32,-3.625e-32,3.7017e-32,-611.14,-261.98,-261.98,-3.4092e-10,1.4669e-10,2.2788e-10,1,-3,1,1.0e-12
-0.0013605,6.2034e-16,-7.7892e-17,-0.00022691,9.7327e-17,-1.3642e-16,-5.6535e-17,-6.9804e-17,5.7563e-17,-2.2058,-2.2058,-2.2058,1.975e-31,-2.1867e-31,1.1939e-31,-611.14,-261.98,-261.98,-8.7034e-11,-1.0742e-10,8.8652e-11,1,-1,3,1.0e-12
-0.0013605,0,0,-0.00022691,-3.0504e-16,-1.8277e-16,5.5803e-17,-5.3249e-17,4.5111e-16,-2.2058,-2.2058,-2.2058,-1.0688e-31,6.7247e-32,-1.6154e-31,-611.14,-261.98,-261.98,8.5876e-11,-8.1939e-11,6.9426e-10,1,-1,5,1.0e-12
-0.0013605,1.8297e-16,1.6056e-16,-0.00022691,-6.1271e-17,-1.3252e-16,-3.3172e-17,1.4348e-18,-1.2146e-16,-2.2058,-2.2058,-2.2058,2.3621e-32,6.2464e-33,-1.0641e-31,-611.14,-261.98,-261.98,-5.1085e-11,2.2078e-12,-1.8689e-10,1,-1,1,1.0e-12
-0.0013605,4.3686e-16,6.6363e-16,-0.00022691,2.1175e-16,-2.9615e-17,1.027e-16,-8.3097e-17,2.7966e-17,-2.2058,-2.2058,-2.2058,-1.4533e-31,-1.3269e-31,1.0634e-31,-611.14,-261.98,-261.98,1.5799e-10,-1.2787e-10,4.3044e-11,1,1,3,1.0e-12
-0.0013605,0,0,-0.00022691,-5.0796e-17,-1.1374e-16,-1.3334e-16,-1.6338e-16,-6.2435e-17,-2.2058,-2.2058,-2.2058,1.6614e-32,6.984e-32,-2.6943e-31,-611.14,-261.98,-261.98,-2.0522e-10,-2.5141e-10,-9.6101e-11,1,1,5,1.0e-12
-0.0013605,3.6335e-16,4.9812e-17,-0.00022691,-1.5842e-16,1.6046e-16,-9.2226e-17,2.7067e-17,4.8855e-18,-2.2058,-2.2058,-2.2058,-8.8731e-32,1.6913e-32,-1.8294e-32,-611.14,-261.98,-261.98,-1.4188e-10,4.1651e-11,7.5603e-12,1,1,1,1.0e-12
-0.0013605,3.3953e-16,2.2561e-16,-0.00022691,-3.1348e-16,3.3516e-17,3.4167e-17,-1.2724e-16,-2.0015e-16,-2.2058,-2.2058,-2.2058,1.0651e-31,1.4724e-31,6.7635e-32,-611.14,-261.98,-261.98,5.259e-11,-1.9579e-10,-3.0793e-10,1,3,3,1.0e-12
-0.0013605,0,0,-0.00022691,2.0382e-16,-1.0866e-16,9.267e-17,-1.3197e-17,2.6771e-16,-2.2058,-2.2058,-2.2058,-1.0462e-31,1.0302e-32,-1.5043e-31,-611.14,-261.98,-261.98,1.4263e-10,-2.0308e-11,4.1197e-10,1,3,5,1.0e-12
-0.0013605,1.5638e-16,-5.3527e-16,-0.00022691,-4.6032e-17,1.4912e-16,-2.0977e-17,2.2637e-16,-2.9721e-18,-2.2058,-2.2058,-2.2058,1.307e-31,7.4927e-33,1.0876e-31,-611.14,-261.98,-261.98,-3.2246e-11,3.4834e-10,-4.5808e-12,1,3,1,1.0e-12
-0.0013605,0,0,-0.00022691,-2.0318e-17,9.1629e-18,4.2569e-16,-1.3534e-16,6.7763e-17,-2.2058,-2.2058,-2.2058,-1.7439e-31,-3.4828e-32,-1.9481e-31,-611.14,-261.98,-261.98,6.5512e-10,-2.0826e-10,1.0429e-10,1,5,3,1.0e-12
-0.0013605,0,0,-0.00022691,2.83e-16,-9.5419e-17,1.167e-16,7.9311e-17,3.7764e-17,-2.2058,-2.2058,-2.2058,3.3584e-31,1.287e-32,3.2636e-31,-611.14,-261.98,-261.98,1.7964e-10,1.2205e-10,5.8141e-11,1,5,5,1.0e-12
-0.0013605,0,0,-0.00022691,-4.3991e-17,-1.6653e-16,-1.0266e-16,1.8514e-17,-6.6634e-17,-2.2058,-2.2058,-2.2058,6.0174e-33,-7.2376e-32,-4.0156e-32,-611.14,-261.98,-261.98,-1.5795e-10,2.849e-11,-1.0254e-10,1,5,1,1.0e-12
-0.0018148,0,0,-0.00022757,-3.9874e-16,4.1434e-16,1.6522e-16,-3.0236e-16,-2.3233e-17,-1.3678,-1.3678,-1.3678,1.9935e-31,-2.1751e-31,1.035e-31,-612.93,-262.74,-262.74,2.5416e-10,-4.6527e-10,-3.5562e-11,3,-5,5,1.0e-12
-0.0018148,0,0,-0.00022757,-1.5604e-17,1.669e-16,-1.0299e-16,2.1879e-16,-8.6762e-17,-1.3678,-1.3678,-1.3678,-2.4204e-31,-8.9885e-32,-7.3095e-32,-612.93,-262.74,-262.74,-1.5846e-10,3.3667e-10,-1.3348e-10,3,-5,3,1.0e-12
-0.0018148,-8.2136e-16,9.4076e-16,-0.00022757,3.9829e-16,-3.1656e-17,-7.3023e-17,-6.5988e-17,-1.3991e-16,-1.3678,-1.3678,-1.3678,1.5258e-31,1.0467e-31,-1.6792e-33,-612.93,-262.74,-262.74,-1.1227e-10,-1.0154e-10,-2.1526e-10,3,-3,3,1.0e-12
-0.0018148,0,0,-0.00022757,-3.66e-16,-1.2526e-16,1.3295e-16,2.9251e-16,8.1565e-17,-1.3678,-1.3678,-1.3678,-1.7416e-31,-2.6416e-31,1.4342e-32,-612.93,-262.74,-262.74,2.0458e-10,4.5012e-10,1.2552e-10,3,-3,5,1.0e-12
-0.0018148,0,0,-0.00022757,-2.8363e-16,-2.1969e-16,1.2697e-16,1.0563e-16,-1.4653e-16,-1.3678,-1.3678,-1.3678,-2.8244e-32,1.4089e-33,1.5617e-31,-612.93,-262.74,-262.74,1.9528e-10,1.6255e-10,-2.2558e-10,3,-5,1,1.0e-12
-0.0018148,-3.7618e-16,3.2852e-16,-0.00022757,-2.5642e-16,5.8732e-17,2.0297e-17,-3.8798e-17,5.4861e-17,-1.3678,-1.3678,-1.3678,4.1911e-32,1.5562e-32,6.2246e-32,-612.93,-262.74,-262.74,3.1298e-11,-5.9702e-11,8.4482e-11,3,-3,1,1.0e-12
-0.0018148,3.6587e-16,3.9915e-16,-0.00022757,9.633e-17,-3.6192e-16,-1.2728e-16,-1.4832e-16,-6.4618e-18,-1.3678,-1.3678,-1.3678,2.3704e-31,-3.0332e-32,-6.8818e-32,-612.93,-262.74,-262.74,-1.9583e-10,-2.2824e-10,-1.0005e-11,3,-1,3,1.0e-12
-0.0018148,0,0,-0.00022757,-2.4766e-17,2.2785e-16,4.029e-17,-2.5391e-17,-2.8035e-16,-1.3678,-1.3678,-1.3678,-4.672e-32,1.5918e-31,2.0443e-32,-612.93,-262.74,-262.74,6.2016e-11,-3.9072e-11,-4.3136e-10,3,-1,5,1.0e-12
-0.0018148,3.7222e-16,8.6908e-17,-0.00022757,-8.2769e-17,1.542e-16,-4.4073e-17,-1.3628e-16,-5.4687e-17,-1.3678,-1.3678,-1.3678,-1.2766e-31,2.2948e-32,-3.7856e-32,-612.93,-262.74,-262.74,-6.7824e-11,-2.0971e-10,-8.4095e-11,3,-1,1,1.0e-12
-0.0018148,1.5034e-16,1.3957e-16,-0.00022757,-2.3855e-17,7.329e-17,-1.542e-16,-7.5655e-17,-1.4405e-16,-1.3678,-1.3678,-1.3678,-4.2604e-32,1.0621e-32,-7.3458e-32,-612.93,-262.74,-262.74,-2.3738e-10,-1.1642e-10,-2.2165e-10,3,1,3,1.0e-12
-0.0018148,0,0,-0.00022757,1.6454e-16,6.7031e-17,4.911e-17,-9.2129e-19,-3.0456e-16,-1.3678,-1.3678,-1.3678,-1.6999e-32,-1.8907e-31,1.4953e-31,-612.93,-262.74,-262.74,7.5583e-11,-1.4177e-12,-4.6872e-10,3,1,5,1.0e-12
-0.0018148,-1.9361e-16,5.5508e-17,-0.00022757,1.8235e-19,-2.7756e-17,-3.4302e-17,6.2091e-17,-5.3909e-17,-1.3678,-1.3678,-1.3678,-7.0984e-33,4.2046e-32,7.4902e-32,-612.93,-262.74,-262.74,-5.2733e-11,9.5547e-11,-8.2951e-11,3,1,1,1.0e-12
-0.0018148,-4.7962e-17,2.7861e-16,-0.00022757,-2.6504e-16,-1.7229e-16,-1.7352e-16,-4.8003e-17,-3.7757e-16,-1.3678,-1.3678,-1.3678,9.6115e-32,7.3904e-32,4.5821e-32,-612.93,-262.74,-262.74,-2.6699e-10,-7.3867e-11,-5.8096e-10,3,3,3,1.0e-12
-0.0018148,0,0,-0.00022757,3.6763e-16,-3.3071e-16,2.3829e-17,8.3223e-17,1.0283e-16,-1.3678,-1.3678,-1.3678,-1.2797e-31,-7.6912e-32,9.723e-32,-612.93,-262.74,-262.74,3.6861e-11,1.2806e-10,1.5827e-10,3,3,5,1.0e-12
-0.0018148,-1.1925e-17,6.0685e-17,-0.00022757,1.1288e-16,-5.3652e-17,6.293e-17,-1.1247e-17,-2.0395e-16,-1.3678,-1.3678,-1.3678,2.2056e-33,-3.0248e-32,-8.2058e-32,-612.93,-262.74,-262.74,9.6977e-11,-1.7306e-11,-3.1391e-10,3,3,1,1.0e-12
-0.0018148,0,0,-0.00022757,-6.7031e-17,-9.1629e-18,2.315e-16,1.0272e-17,3.6235e-17,-1.3678,-1.3678,-1.3678,-1.7123e-31,-3.4463e-33,-1.5295e-31,-612.93,-262.74,-262.74,3.5625e-10,1.5806e-11,5.5783e-11,3,5,3,1.0e-12
-0.0018148,0,0,-0.00022757,2.6069e-16,-4.0637e-17,5.5071e-16,4.441e-17,1.4939e-16,-1.3678,-1.3678,-1.3678,1.7991e-31,3.5654e-32,7.7344e-33,-612.93,-262.74,-262.74,8.4756e-10,6.8339e-11,2.2997e-10,3,5,5,1.0e-12
-0.0018148,0,0,-0.00022757,-9.3791e-17,1.1647e-16,2.1275e-16,-4.8884e-17,-8.4198e-18,-1.3678,-1.3678,-1.3678,1.1999e-32,4.4682e-32,1.3646e-31,-612.93,-262.74,-262.74,3.2744e-10,-7.5223e-11,-1.2942e-11,3,5,1,1.0e-12
-0.0022708,0,0,-0.000228,-4.4953e-16,1.6333e-17,-1.5021e-16,7.798e-17,4.4425e-16,-1.788,-1.788,-1.788,1.1094e-31,-7.629e-32,-4.3353e-32,-614.08,-263.24,-263.24,-2.3116e-10,1.2e-10,6.8376e-10,5,-5,5,1.0e-12
-0.0022708,0,0,-0.000228,8.5989e-17,1.9701e-16,-3.7724e-16,-1.0685e-16,3.2224e-16,-1.788,-1.788,-1.788,7.7002e-32,4.4761e-31,-3.3215e-32,-614.08,-263.24,-263.24,-5.8059e-10,-1.6442e-10,4.9597e-10,5,-5,3,1.0e-12
-0.0022708,-1.3811e-15,-2.194e-16,-0.000228,1.7234e-16,-2.3765e-16,-1.845e-16,-1.4069e-16,-1.6671e-16,-1.788,-1.788,-1.788,-2.3595e-31,-3.3801e-32,1.4991e-31,-614.08,-263.24,-263.24,-2.8387e-10,-2.165e-10,-2.5636e-10,5,-3,3,1.0e-12
-0.0022708,0,0,-0.000228,-5.0976e-16,-6.7077e-18,-1.0274e-16,4.738e-16,8.5147e-16,-1.788,-1.788,-1.788,5.3239e-33,3.2925e-32,-3.2951e-31,-614.08,-263.24,-263.24,-1.5819e-10,7.2908e-10,1.3104e-09,5,-3,5,1.0e-12
-0.0022708,0,0,-0.000228,3.0876e-16,4.7729e-16,6.8941e-17,-1.27e-16,-3.0998e-17,-1.788,-1.788,-1.788,-1.6997e-32,-1.9014e-31,-3.5815e-32,-614.08,-263.24,-263.24,1.0616e-10,-1.9543e-10,-4.7699e-11,5,-5,1,1.0e-12
-0.0022708,6.8394e-16,-3.3088e-16,-0.000228,2.5996e-16,-6.8028e-17,3.7886e-16,-1.8306e-16,-3.2797e-16,-1.788,-1.788,-1.788,8.7948e-32,4.6868e-32,-6.6957e-32,-614.08,-263.24,-263.24,5.8294e-10,-2.817e-10,-5.0473e-10,5,-3,1,1.0e-12
-0.0022708,1.781e-17,3.2874e-17,-0.000228,5.2437e-16,2.1869e-16,-1.3232e-17,-1.2292e-17,-4.7847e-16,-1.788,-1.788,-1.788,4.3587e-32,-1.2519e-31,-8.1903e-33,-614.08,-263.24,-263.24,-2.0362e-11,-1.8916e-11,-7.362e-10,5,-1,3,1.0e-12
-0.0022708,0,0,-0.000228,-2.9389e-16,-5.8087e-16,-4.1755e-17,-5.5764e-17,1.0505e-16,-1.788,-1.788,-1.788,1.9738e-31,1.1517e-31,1.5996e-31,-614.08,-263.24,-263.24,-6.425e-11,-8.5811e-11,1.6168e-10,5,-1,5,1.0e-12
-0.0022708,-3.7233e-16,-4.9374e-16,-0.000228,-1.659e-16,-1.3815e-16,-1.7553e-16,5.9448e-17,-7.8966e-17,-1.788,-1.788,-1.788,-1.6072e-31,-1.8062e-32,2.0592e-32,-614.08,-263.24,-263.24,-2.7008e-10,9.1479e-11,-1.2148e-10,5,-1,1,1.0e-12
-0.0022708,9.9446e-16,1.5091e-16,-0.000228,-1.7062e-16,-2.3393e-16,1.5351e-16,-4.0353e-17,7.2137e-17,-1.788,-1.788,-1.788,1.6331e-31,4.6758e-32,8.5781e-33,-614.08,-263.24,-263.24,2.3623e-10,-6.2096e-11,1.1105e-10,5,1,3,1.0e-12
-0.0022708,0,0,-0.000228,-2.166e-16,6.1208e-16,2.7276e-16,-3.1458e-16,5.5152e-16,-1.788,-1.788,-1.788,-3.9039e-31,1.3256e-31,1.8039e-31,-614.08,-263.24,-263.24,4.1979e-10,-4.8408e-10,8.4891e-10,5,1,5,1.0e-12
-0.0022708,7.4316e-17,-5.6007e-17,-0.000228,-2.1796e-16,-1.1846e-16,-2.6878e-16,1.2681e-16,-1.399e-16,-1.788,-1.788,-1.788,-3.6512e-32,3.43e-32,-9.9351e-32,-614.08,-263.24,-263.24,-4.1371e-10,1.9513e-10,-2.1531e-10,5,1,1,1.0e-12
-0.0022708,-2.3991e-16,-7.8498e-16,-0.000228,-1.0395e-16,1.1374e-16,-4.7673e-17,2.8566e-16,2.0968e-16,-1.788,-1.788,-1.788,-3.6274e-32,-6.4157e-32,4.2991e-32,-614.08,-263.24,-263.24,-7.3293e-11,4.3957e-10,3.2288e-10,5,3,3,1.0e-12
-0.0022708,0,0,-0.000228,-3.8858e-16,4.9017e-16,-1.8729e-16,8.449e-18,4.2503e-16,-1.788,-1.788,-1.788,3.3451e-31,-4.0952e-33,-1.0543e-31,-614.08,-263.24,-263.24,-2.8808e-10,1.3001e-11,6.5426e-10,5,3,5,1.0e-12
-0.0022708,-3.9301e-16,-5.6409e-16,-0.000228,-2.2178e-16,-1.1547e-16,-1.0479e-16,-9.7399e-17,-1.0423e-16,-1.788,-1.788,-1.788,-1.0849e-32,-4.9437e-32,3.2254e-32,-614.08,-263.24,-263.24,-1.6107e-10,-1.4988e-10,-1.6034e-10,5,3,1,1.0e-12
-0.0022708,0,0,-0.000228,8.5299e-16,2.0318e-17,7.5018e-17,1.1212e-16,-7.9269e-17,-1.788,-1.788,-1.788,-3.3031e-32,4.2329e-33,-2.2106e-31,-614.08,-263.24,-263.24,1.155e-10,1.7253e-10,-1.2197e-10,5,5,3,1.0e-12
-0.0022708,0,0,-0.000228,-7.0677e-16,-1.259e-16,6.1365e-17,-9.7892e-17,3.8447e-16,-1.788,-1.788,-1.788,-5.1601e-32,1.2151e-32,-8.8096e-32,-614.08,-263.24,-263.24,9.4325e-11,-1.5064e-10,5.9187e-10,5,5,5,1.0e-12
-0.0022708,0,0,-0.000228,5.5511e-17,2.0318e-17,4.7748e-16,1.1597e-16,-5.8268e-16,-1.788,-1.788,-1.788,3.1056e-32,-2.9204e-32,5.4121e-32,-614.08,-263.24,-263.24,7.3484e-10,1.7846e-10,-8.9681e-10,5,5,1,1.0e-12
