"c_1","current:0","current:1","current:2","flux_c_1:0","flux_c_1:1","flux_c_1:2","phi","Points:0","Points:1","Points:2"
11.036,0,0,0,0,0,0,-7.3795e-08,-0.00035172,-0.00072559,0.0002533,1.0e-14
11.004,0,0,0,0,0,0,-7.6344e-08,-0.00022422,-0.0007965,0.00013329,1.0e-14
11.341,0,0,0,0,0,0,-7.1683e-08,-0.00035901,-0.00065643,0,1.0e-14
10.874,0,0,0,0,0,0,-7.4101e-08,-0.00021769,-0.00058398,0.00016043,1.0e-14
11.611,0,0,0,0,0,0,-6.3747e-08,-0.0005969,-0.00057424,0,1.0e-14
11.22,0,0,0,0,0,0,-6.8582e-08,-0.00044549,-0.00055091,0.00023771,1.0e-14
8.3123,-4.7743e-06,-7.9973e-06,1.6943e-06,-4.7743e-06,-7.9973e-06,1.6943e-06,-7.2971e-08,-0.00050276,-0.00084657,0.0001748,1.0e-14
8.3006,-5.731e-06,-6.0106e-06,2.8314e-06,-5.731e-06,-6.0106e-06,2.8314e-06,-6.7361e-08,-0.00065347,-0.00068443,0.0003233,1.0e-14
8.3053,-4.1127e-06,-7.0652e-06,3.9439e-06,-4.1127e-06,-7.0652e-06,3.9439e-06,-7.4181e-08,-0.00045149,-0.0007793,0.00043456,1.0e-14
10.863,0,0,0,0,0,0,-8.1111e-08,0.00019201,-0.00061171,0.00015053,1.0e-14
10.828,0,0,0,0,0,0,-8.0356e-08,0.00020469,-0.0003833,0.00018289,1.0e-14
10.872,0,0,0,0,0,0,-7.7435e-08,2.1955e-05,-0.0004601,0,1.0e-14
10.822,0,0,0,0,0,0,-7.7594e-08,-1.5607e-05,-0.00053594,0.00020868,1.0e-14
10.877,0,0,0,0,0,0,-8.1053e-08,0.0001745,-0.00056042,0.00034472,1.0e-14
11.238,0,0,0,0,0,0,-7.8746e-08,-5.5229e-05,-0.00075763,0.00025347,1.0e-14
11.246,0,0,0,0,0,0,-8.324e-08,0.00035506,-0.00059376,0.00024216,1.0e-14
11.256,0,0,0,0,0,0,-7.8266e-08,-7.9416e-05,-0.00054995,0.00054995,1.0e-14
11.241,0,0,0,0,0,0,-8.0773e-08,6.6709e-05,-0.00068052,0.00048247,1.0e-14
11.335,0,0,0,0,0,0,-8.2772e-08,0.00025128,-0.00074109,0.00031217,1.0e-14
11.101,0,0,0,0,0,0,-8.331e-08,0.00029726,-0.00066172,0.00044933,1.0e-14
8.2591,1.7983e-06,-6.414e-06,3.6642e-06,1.7983e-06,-6.414e-06,3.6642e-06,-8.358e-08,0.00024131,-0.00084299,0.00048076,1.0e-14
8.245,4.8024e-08,-6.9575e-06,3.8749e-06,4.8024e-08,-6.9575e-06,3.8749e-06,-8.1244e-08,5.9533e-06,-0.0008737,0.00048643,1.0e-14
8.3121,1.0748e-06,-6.6771e-06,5.1661e-06,1.0748e-06,-6.6771e-06,5.1661e-06,-8.2686e-08,0.00013053,-0.00070106,0.00070106,1.0e-14
8.2692,-8.3739e-07,-6.1221e-06,4.7417e-06,-8.3739e-07,-6.1221e-06,4.7417e-06,-7.999e-08,-0.00010887,-0.0007029,0.0007029,1.0e-14
8.3151,-2.0589e-06,-7.7749e-06,4.4525e-06,-2.0589e-06,-7.7749e-06,4.4525e-06,-7.8337e-08,-0.0002283,-0.00084488,0.0004838,1.0e-14
11.011,0,0,0,0,0,0,-8.2441e-08,0.00022487,-0.0007931,0.00014583,1.0e-14
11.002,0,0,0,0,0,0,-8.0777e-08,0.00014242,-0.00070768,0,1.0e-14
11.015,0,0,0,0,0,0,-8.0091e-08,0,-0.00096593,0,1.0e-14
10.781,0,0,0,0,0,0,-8.1636e-08,0.00028044,-0.00046735,0,1.0e-14
8.3322,4.8199e-06,-8.0206e-06,1.6815e-06,4.8199e-06,-8.0206e-06,1.6815e-06,-8.5767e-08,0.00050565,-0.00084523,0.00017295,1.0e-14
8.3707,3.8727e-06,-1.0719e-05,1.354e-06,3.8727e-06,-1.0719e-05,1.354e-06,-8.3625e-08,0.00025882,-0.00096593,0,1.0e-14
8.3854,1.7115e-06,-1.0934e-05,3.5538e-06,1.7115e-06,-1.0934e-05,3.5538e-06,-8.238e-08,0.00012941,-0.00096593,0.00022414,1.0e-14
11.293,0,0,0,0,0,0,-8.4043e-08,0.00040766,-0.00069739,0,1.0e-14
8.1903,3.2806e-06,-5.6804e-06,5.7597e-07,3.2806e-06,-5.6804e-06,5.7597e-07,-8.5552e-08,0.0005,-0.00086603,0,1.0e-14
10.709,0,0,0,0,0,0,-7.5814e-08,-0.00027801,-0.00066573,0.00047376,1.0e-14
8.2669,-2.7752e-06,-6.0226e-06,4.6776e-06,-2.7752e-06,-6.0226e-06,4.6776e-06,-7.6347e-08,-0.00034202,-0.00066446,0.00066446,1.0e-14
10.898,0,0,0,0,0,0,-7.403e-08,-0.00024013,-0.00054564,0.00031838,1.0e-14
11.448,0,0,0,0,0,0,-7.2205e-08,-0.00034909,-0.00048258,0.00048258,1.0e-14
10.9,0,0,0,0,0,0,-7.881e-08,0.00014786,-0.00022922,0,1.0e-14
8.254,-4.2157e-06,-5.0007e-06,3.7402e-06,-4.2157e-06,-5.0007e-06,3.7402e-06,-7.1059e-08,-0.00055557,-0.00058794,0.00058794,1.0e-14
11.246,0,0,0,0,0,0,-8.5623e-08,0.00058691,-0.0005577,0.00017069,1.0e-14
11.501,0,0,0,0,0,0,-8.472e-08,0.00048205,-0.00056244,0.00033569,1.0e-14
10.798,0,0,0,0,0,0,-8.3621e-08,0.00044538,-0.00029212,0.00029212,1.0e-14
10.787,0,0,0,0,0,0,-8.313e-08,0.00040857,-0.00036732,0.00016146,1.0e-14
8.3227,-1.4763e-06,-9.7214e-06,3.1605e-06,-1.4763e-06,-9.7214e-06,3.1605e-06,-7.9241e-08,-0.00012941,-0.00096593,0.00022414,1.0e-14
10.752,0,0,0,0,0,0,-8.2739e-08,0.00040557,-0.00023493,0,1.0e-14
11.215,0,0,0,0,0,0,-8.5024e-08,0.00055717,-0.00047476,0,1.0e-14
8.2407,-3.8731e-06,-6.7068e-06,6.8541e-07,-3.8731e-06,-6.7068e-06,6.8541e-07,-7.2986e-08,-0.0005,-0.00086603,0,1.0e-14
8.3836,-4.0042e-06,-1.1133e-05,1.4084e-06,-4.0042e-06,-1.1133e-05,1.4084e-06,-7.7625e-08,-0.00025882,-0.00096593,0,1.0e-14
11.039,0,0,0,0,0,0,-7.6838e-08,-0.00011328,-0.00069853,0,1.0e-14
8.296,3.8789e-06,-6.4801e-06,3.5996e-06,3.8789e-06,-6.4801e-06,3.5996e-06,-8.5402e-08,0.00046242,-0.00077522,0.00043036,1.0e-14
11.43,0,0,0,0,0,0,-8.6216e-08,0.00068053,-0.00035197,0.00016136,1.0e-14
8.397,1.1212e-05,-2.7499e-06,1.1235e-06,1.1212e-05,-2.7499e-06,1.1235e-06,-8.8961e-08,0.00097134,-0.00016807,0.00016807,1.0e-14
11.438,0,0,0,0,0,0,-8.5977e-08,0.00067625,-0.00024444,0,1.0e-14
11.217,0,0,0,0,0,0,-8.5713e-08,0.00064868,-0.00018858,0.00018858,1.0e-14
8.3003,6.9466e-06,-4.7631e-06,1.925e-06,6.9466e-06,-4.7631e-06,1.925e-06,-8.7716e-08,0.00080193,-0.00055338,0.00022513,1.0e-14
8.2613,7.3774e-06,-3.2833e-06,1.6398e-06,7.3774e-06,-3.2833e-06,1.6398e-06,-8.8213e-08,0.00088701,-0.00032651,0.00032651,1.0e-14
11.239,0,0,0,0,0,0,-8.5705e-08,0.0006088,-0.00038405,0.00038405,1.0e-14
8.2819,5.69e-06,-5.8225e-06,9.8709e-07,5.69e-06,-5.8225e-06,9.8709e-07,-8.7091e-08,0.00070711,-0.00070711,0,1.0e-14
8.3071,7.9668e-06,-4.264e-06,1.1714e-06,7.9668e-06,-4.264e-06,1.1714e-06,-8.82e-08,0.00086603,-0.0005,0,1.0e-14
8.2731,8.205e-06,-2.4598e-06,9.6947e-07,8.205e-06,-2.4598e-06,9.6947e-07,-8.8852e-08,0.00096593,-0.00025882,0,1.0e-14
11.369,0,0,0,0,0,0,-5.8746e-08,-0.00061535,-0.00042797,0.00015414,1.0e-14
11.222,0,0,0,0,0,0,-4.7844e-08,-0.0006908,-0.0003192,0,1.0e-14
11.241,0,0,0,0,0,0,-4.0834e-08,-0.00075061,-0.00020321,0.00020321,1.0e-14
10.786,0,0,0,0,0,0,-5.5499e-08,-0.00055473,-0.0001685,0.0001685,1.0e-14
10.798,0,0,0,0,0,0,-6.2463e-08,-0.00063873,-0.00048714,0.0003198,1.0e-14
8.2867,-6.441e-06,-4.3429e-06,1.7915e-06,-6.441e-06,-4.3429e-06,1.7915e-06,-5.6093e-08,-0.00081148,-0.00054042,0.00022238,1.0e-14
8.2861,-7.7599e-06,-4.4365e-06,6.8541e-07,-7.7599e-06,-4.4365e-06,6.8541e-07,-4.9811e-08,-0.00086603,-0.0005,0,1.0e-14
11.144,0,0,0,0,0,0,-8.3269e-08,0.00035532,-0.00045191,0.00045191,1.0e-14
10.838,0,0,0,0,0,0,-8.224e-08,0.00037259,-0.0001511,0.0001511,1.0e-14
8.2334,-2.6417e-06,-7.3959e-06,2.1609e-06,-2.6417e-06,-7.3959e-06,2.1609e-06,-7.6576e-08,-0.00032257,-0.00090805,0.00026719,1.0e-14
10.856,0,0,0,0,0,0,-7.2084e-08,-0.00022458,-0.00043936,0,1.0e-14
10.802,0,0,0,0,0,0,-6.8071e-08,-0.00035003,-0.00037427,0.00014049,1.0e-14
11.635,0,0,0,0,0,0,-5.7416e-08,-0.00064745,-0.00032457,0.00032457,1.0e-14
10.875,0,0,0,0,0,0,-6.6082e-08,-0.00042866,-0.00031868,0.00031868,1.0e-14
10.843,0,0,0,0,0,0,-6.4073e-08,-0.00045774,-0.00039643,0,1.0e-14
10.784,0,0,0,0,0,0,-5.5524e-08,-0.00053661,-0.00018465,0,1.0e-14
10.882,0,0,0,0,0,0,-6.6767e-08,-0.00032075,-0.00016251,0.00016251,1.0e-14
10.899,0,0,0,0,0,0,-7.3404e-08,-0.00010111,-0.00022113,0,1.0e-14
10.877,0,0,0,0,0,0,-6.5669e-08,-0.00033761,-0.00020624,0,1.0e-14
10.835,0,0,0,0,0,0,-7.3704e-08,-0.0001601,-0.00033384,0.00033384,1.0e-14
10.841,0,0,0,0,0,0,-7.9479e-08,9.6285e-05,-0.00040686,0.00040686,1.0e-14
10.89,0,0,0,0,0,0,-7.7355e-08,4.5594e-05,-0.00026462,0.00026462,1.0e-14
10.859,0,0,0,0,0,0,-8.0862e-08,0.00024152,-0.00028495,0.00028495,1.0e-14
8.2742,2.9609e-06,-6.0735e-06,4.7083e-06,2.9609e-06,-6.0735e-06,4.7083e-06,-8.4663e-08,0.00036244,-0.00065903,0.00065903,1.0e-14
8.3117,5.1067e-06,-5.8361e-06,4.3553e-06,5.1067e-06,-5.8361e-06,4.3553e-06,-8.6272e-08,0.00057358,-0.00057923,0.00057923,1.0e-14
8.2332,4.6776e-06,-4.8599e-06,2.2734e-06,4.6776e-06,-4.8599e-06,2.2734e-06,-8.6593e-08,0.00065817,-0.00068161,0.0003197,1.0e-14
8.2778,5.8208e-06,-4.2363e-06,2.9971e-06,5.8208e-06,-4.2363e-06,2.9971e-06,-8.7333e-08,0.00075184,-0.00046623,0.00046623,1.0e-14
8.2731,-5.7363e-06,-4.2834e-06,3.0411e-06,-5.7363e-06,-4.2834e-06,3.0411e-06,-6.3381e-08,-0.00073728,-0.00047771,0.00047771,1.0e-14
11.502,0,0,0,0,0,0,-6.654e-08,-0.00054169,-0.00043844,0.00043844,1.0e-14
8.2823,-9.0549e-06,-3.7119e-06,1.4981e-06,-9.0549e-06,-3.7119e-06,1.4981e-06,-3.6727e-08,-0.00091474,-0.00037438,0.00015196,1.0e-14
8.247,-6.4468e-06,-2.942e-06,2.0898e-06,-6.4468e-06,-2.942e-06,2.0898e-06,-4.8086e-08,-0.00087673,-0.00034011,0.00034011,1.0e-14
11.035,0,0,0,0,0,0,-8.1818e-08,0.00017295,-0.00055428,0.00055428,1.0e-14
8.2062,2.3714e-06,-6.5273e-06,1.8961e-06,2.3714e-06,-6.5273e-06,1.8961e-06,-8.4172e-08,0.00032806,-0.00090665,0.00026527,1.0e-14
11.711,0,0,0,0,0,0,-8.6636e-08,0.00075426,0,0,1.0e-14
10.867,0,0,0,0,0,0,-7.5673e-08,1.7037e-05,0,0,1.0e-14
10.899,0,0,0,0,0,0,-7.8618e-08,0.00014004,-0.00014221,0.00014221,1.0e-14
10.884,0,0,0,0,0,0,-7.3848e-08,-8.4692e-05,-0.00015165,0.00015165,1.0e-14
10.909,0,0,0,0,0,0,-8.0383e-08,0.00026278,0,0,1.0e-14
10.729,0,0,0,0,0,0,-8.3856e-08,0.00050852,0,0,1.0e-14
8.2386,-4.8361e-06,-4.9303e-06,8.5455e-07,-4.8361e-06,-4.9303e-06,8.5455e-07,-6.4977e-08,-0.00070711,-0.00070711,0,1.0e-14
10.886,0,0,0,0,0,0,-6.8789e-08,-0.0002287,0,0,1.0e-14
10.855,0,0,0,0,0,0,-5.7528e-08,-0.00047444,0,0,1.0e-14
8.4391,0.00048756,0.00011118,-2.263e-05,-1.484e-05,-3.3842e-06,6.8882e-07,0,-0.00096593,-0.00025882,0,1.0e-14
11.649,0,0,0,0,0,0,-3.7334e-08,-0.00072019,0,0,1.0e-14
8.3762,0.00038646,7.519e-05,-4.7338e-05,-1.2648e-05,-2.4607e-06,1.5492e-06,0,-0.00096593,-0.00018301,0.00018301,1.0e-14
11.504,0.00015746,-0,-0,-1.951e-19,0,0,0,-0.00096593,0,0,1.0e-14
8.2006,7.1468e-06,-9.4089e-07,2.7772e-07,7.1468e-06,-9.4089e-07,2.7772e-07,-8.8781e-08,0.001,0,0,1.0e-14
1.2,0,0,0,0,0,0,-0.099676,0.0010275,-0.00050801,0.00050801,1.0e-14
1.2,0,0,0,0,0,0,-0.099677,0.0010817,-0.00064132,0.00029332,1.0e-14
1.2,0,0,0,0,0,0,-0.099676,0.0009075,-0.00065802,0.0002309,1.0e-14
1.2,0,0,0,0,0,0,-0.099677,0.0010799,-0.00049806,0.00031952,1.0e-14
1.2,0,0,0,0,0,0,-0.099677,0.0011504,-0.0007017,0.00050682,1.0e-14
1.2,0,0,0,0,0,0,-0.099676,0.0011015,-0.00082681,0.00045166,1.0e-14
1.2,0,0,0,0,0,0,-0.099677,0.0011958,-0.0007958,0.00024497,1.0e-14
1.2,0,0,0,0,0,0,-0.099676,0.00087353,-0.00078954,0.00054255,1.0e-14
1.2,0,0,0,0,0,0,-0.099678,0.0022093,-0.00081594,0.00048763,1.0e-14
1.2,0,0,0,0,0,0,-0.099678,0.0021118,-0.00058053,0.00038174,1.0e-14
1.2,5.4846e-06,3.9916e-06,-2.824e-06,5.4846e-06,3.9916e-06,-2.824e-06,-0.099678,0.0022482,-0.00046623,0.00046623,1.0e-14
1.2,5.1355e-06,5.3356e-06,-2.496e-06,5.1355e-06,5.3356e-06,-2.496e-06,-0.099678,0.0023418,-0.00068161,0.0003197,1.0e-14
1.2,0,0,0,0,0,0,-0.099678,0.0018789,-0.00059407,0.00024017,1.0e-14
1.2,0,0,0,0,0,0,-0.099678,0.0019558,-0.00047797,0.00047797,1.0e-14
1.2,0,0,0,0,0,0,-0.099677,0.0019301,-0.00042729,0.00015466,1.0e-14
1.2,0,0,0,0,0,0,-0.099678,0.0021585,-0.00064616,0.00064616,1.0e-14
1.2,0,0,0,0,0,0,-0.099678,0.0019783,-0.00073246,0.00042728,1.0e-14
1.2,0,0,0,0,0,0,-0.099677,0.0018115,-0.00069952,0.00049634,1.0e-14
1.2,7.3385e-06,3.266e-06,-1.6311e-06,7.3385e-06,3.266e-06,-1.6311e-06,-0.099678,0.002113,-0.00032651,0.00032651,1.0e-14
1.2,7.0759e-06,4.8517e-06,-1.9608e-06,7.0759e-06,4.8517e-06,-1.9608e-06,-0.099678,0.0021981,-0.00055338,0.00022513,1.0e-14
1.2,0,0,0,0,0,0,-0.099677,0.0010328,-0.00047529,0.00018878,1.0e-14
1.2,0,0,0,0,0,0,-0.099677,0.0011504,-0.00029698,0.00029698,1.0e-14
1.2,0,0,0,0,0,0,-0.099677,0.0011428,-0.00042374,0.00014503,1.0e-14
1.2,1.1212e-05,-2.7499e-06,1.1235e-06,1.1212e-05,-2.7499e-06,1.1235e-06,-0.099677,0.00097134,-0.00016807,0.00016807,1.0e-14
1.2,0,0,0,0,0,0,-0.099677,0.0011052,-0.00069346,0,1.0e-14
1.2,7.9668e-06,-4.264e-06,1.1714e-06,7.9668e-06,-4.264e-06,1.1714e-06,-0.099676,0.00086603,-0.0005,0,1.0e-14
1.2,8.205e-06,-2.4598e-06,9.6947e-07,8.205e-06,-2.4598e-06,9.6947e-07,-0.099677,0.00096593,-0.00025882,0,1.0e-14
1.2,0,0,0,0,0,0,-0.099677,0.001075,-0.00043414,0,1.0e-14
1.2,0,0,0,0,0,0,-0.099676,0.0010235,-0.00083063,0.00020859,1.0e-14
1.2,0,0,0,0,0,0,-0.099677,0.0018074,-0.00073607,0,1.0e-14
1.2,0,0,0,0,0,0,-0.099677,0.0017482,-0.00096593,0,1.0e-14
1.2,0,0,0,0,0,0,-0.099677,0.0016767,-0.00067725,0.00013501,1.0e-14
1.2,0,0,0,0,0,0,-0.099677,0.0016007,-0.00078589,0,1.0e-14
1.2,0,0,0,0,0,0,-0.099677,0.0013081,-0.0004049,0.00020727,1.0e-14
1.2,7.3774e-06,-3.2833e-06,1.6398e-06,7.3774e-06,-3.2833e-06,1.6398e-06,-0.099676,0.00088701,-0.00032651,0.00032651,1.0e-14
1.2,6.9466e-06,-4.7631e-06,1.925e-06,6.9466e-06,-4.7631e-06,1.925e-06,-0.099676,0.00080193,-0.00055338,0.00022513,1.0e-14
1.1999,0,0,0,0,0,0,-0.099682,0.0032606,-0.00096593,0.00047746,1.0e-14
1.1999,5.5124e-08,7.9861e-06,-4.4478e-06,5.5124e-08,7.9861e-06,-4.4478e-06,-0.099681,0.002994,-0.0008737,0.00048643,1.0e-14
1.1999,0,0,0,0,0,0,-0.099681,0.0031318,-0.00096593,0.00072593,1.0e-14
1.1999,-1.8817e-06,7.1058e-06,-4.0693e-06,-1.8817e-06,7.1058e-06,-4.0693e-06,-0.099682,0.0032283,-0.00084488,0.0004838,1.0e-14
1.2,0,0,0,0,0,0,-0.099677,0.0012205,-0.00061912,0.00037718,1.0e-14
1.2,0,0,0,0,0,0,-0.099677,0.0012627,-0.00043905,0.00043905,1.0e-14
1.2,0,0,0,0,0,0,-0.099677,0.0014935,-0.00077774,0.00018424,1.0e-14
1.2,0,0,0,0,0,0,-0.099677,0.0013292,-0.00056419,0.00021382,1.0e-14
1.2,0,0,0,0,0,0,-0.099677,0.0015448,-0.00065326,0.00042726,1.0e-14
1.2,0,0,0,0,0,0,-0.099677,0.0015343,-0.00050324,0.00024943,1.0e-14
1.2,0,0,0,0,0,0,-0.099677,0.0015974,-0.00081715,0.00044351,1.0e-14
1.2,0,0,0,0,0,0,-0.099677,0.0016533,-0.00081898,0.00027411,1.0e-14
1.2,0,0,0,0,0,0,-0.099677,0.0017185,-0.00059472,0.00035429,1.0e-14
1.2,0,0,0,0,0,0,-0.099677,0.0013773,-0.00096593,0.00019993,1.0e-14
1.2,0,0,0,0,0,0,-0.099677,0.0015,-0.00096593,0,1.0e-14
1.2,0,0,0,0,0,0,-0.099677,0.0016228,-0.00096593,0.00019814,1.0e-14
1.2,0,0,0,0,0,0,-0.099677,0.0015725,-0.00052448,0,1.0e-14
1.2,0,0,0,0,0,0,-0.099677,0.0013831,-0.00073628,0,1.0e-14
1.1999,0,0,0,0,0,0,-0.099683,0.0039659,-0.00056659,0.00023989,1.0e-14
1.1999,-8.4516e-06,4.8319e-06,-7.4651e-07,-8.4516e-06,4.8319e-06,-7.4651e-07,-0.099683,0.003866,-0.0005,0,1.0e-14
1.1999,0,0,0,0,0,0,-0.099683,0.0039659,-0.00073022,0,1.0e-14
1.1999,0,0,0,0,0,0,-0.099683,0.0038199,-0.0006971,0.00018074,1.0e-14
1.1999,-6.235e-06,4.204e-06,-1.7342e-06,-6.235e-06,4.204e-06,-1.7342e-06,-0.099683,0.0038115,-0.00054042,0.00022238,1.0e-14
1.1999,0,0,0,0,0,0,-0.099683,0.0039659,-0.00072043,0.0004555,1.0e-14
1.1999,0,0,0,0,0,0,-0.099683,0.0037845,-0.00096593,0.00039647,1.0e-14
1.1999,0,0,0,0,0,0,-0.099683,0.0038575,-0.00081875,0.00010257,1.0e-14
1.1999,0,0,0,0,0,0,-0.099683,0.0039659,-0.00081917,0.00023664,1.0e-14
1.1999,-5.2522e-06,5.5084e-06,-2.5948e-06,-5.2522e-06,5.5084e-06,-2.5948e-06,-0.099683,0.0036535,-0.00068443,0.0003233,1.0e-14
1.1999,0,0,0,0,0,0,-0.099683,0.0036526,-0.00096593,0.00022319,1.0e-14
1.2001,0,0,0,0,0,0,-0.099673,-1.2224e-06,-0.00096593,0.00047561,1.0e-14
1.2001,-1.4763e-06,-9.7214e-06,3.1605e-06,-1.4763e-06,-9.7214e-06,3.1605e-06,-0.099672,-0.00012941,-0.00096593,0.00022414,1.0e-14
1.2001,0,0,0,0,0,0,-0.099672,-0.0002636,-0.00096593,0.00047241,1.0e-14
1.2001,-2.0589e-06,-7.7749e-06,4.4525e-06,-2.0589e-06,-7.7749e-06,4.4525e-06,-0.099672,-0.0002283,-0.00084488,0.0004838,1.0e-14
1.1999,-5.6157e-06,5.725e-06,-9.9229e-07,-5.6157e-06,5.725e-06,-9.9229e-07,-0.099683,0.0037071,-0.00070711,0,1.0e-14
1.1999,0,0,0,0,0,0,-0.099683,0.0039659,-0.00049452,0,1.0e-14
1.1999,0,0,0,0,0,0,-0.099683,0.0039659,-0.00096593,0.00024148,1.0e-14
1.1999,0,0,0,0,0,0,-0.099683,0.0039659,-0.00096593,0,1.0e-14
1.1999,0,0,0,0,0,0,-0.099683,0.0037302,-0.00096593,0,1.0e-14
1.1999,0,0,0,0,0,0,-0.099682,0.0034876,-0.00080465,0.00057966,1.0e-14
1.1999,0,0,0,0,0,0,-0.099682,0.0033919,-0.00096593,0.00072269,1.0e-14
1.1999,-2.5402e-06,5.5125e-06,-4.2815e-06,-2.5402e-06,5.5125e-06,-4.2815e-06,-0.099682,0.003342,-0.00066446,0.00066446,1.0e-14
1.1999,0,0,0,0,0,0,-0.099682,0.0033632,-0.0008441,0.0008441,1.0e-14
1.1999,0,0,0,0,0,0,-0.099682,0.0035412,-0.00079368,0.00079368,1.0e-14
1.1999,-4.3048e-06,5.1064e-06,-3.8193e-06,-4.3048e-06,5.1064e-06,-3.8193e-06,-0.099682,0.0035556,-0.00058794,0.00058794,1.0e-14
1.1999,0,0,0,0,0,0,-0.099683,0.0036825,-0.00079363,0.0005502,1.0e-14
1.1999,-4.341e-06,7.4575e-06,-4.1628e-06,-4.341e-06,7.4575e-06,-4.1628e-06,-0.099682,0.0034515,-0.0007793,0.00043456,1.0e-14
1.2001,0,0,0,0,0,0,-0.099674,0.00011179,-0.00096593,0.00072597,1.0e-14
1.2001,4.8024e-08,-6.9575e-06,3.8749e-06,4.8024e-08,-6.9575e-06,3.8749e-06,-0.099673,5.9533e-06,-0.0008737,0.00048643,1.0e-14
1.2001,0,0,0,0,0,0,-0.099675,0.00028609,-0.00096593,0.00048864,1.0e-14
1.1999,2.9504e-06,6.0519e-06,-4.6916e-06,2.9504e-06,6.0519e-06,-4.6916e-06,-0.099679,0.0026376,-0.00065903,0.00065903,1.0e-14
1.2,0,0,0,0,0,0,-0.099679,0.0025655,-0.00096593,0.00058867,1.0e-14
1.1999,0,0,0,0,0,0,-0.09968,0.0026705,-0.00096593,0.00077243,1.0e-14
1.2,0,0,0,0,0,0,-0.099679,0.0024889,-0.00083252,0.00062908,1.0e-14
1.2,0,0,0,0,0,0,-0.099678,0.0023368,-0.00096593,0.00058107,1.0e-14
1.2,0,0,0,0,0,0,-0.099679,0.0023867,-0.00070553,0.00070553,1.0e-14
1.2,0,0,0,0,0,0,-0.099679,0.0024673,-0.00096593,0.00039538,1.0e-14
1.2,0,0,0,0,0,0,-0.099679,0.0024453,-0.00096593,0.00077209,1.0e-14
1.2,0,0,0,0,0,0,-0.099679,0.0024749,-0.00082339,0.00082339,1.0e-14
1.2,0,0,0,0,0,0,-0.099678,0.002236,-0.00081984,0.00081984,1.0e-14
1.2001,0,0,0,0,0,0,-0.099671,-0.00081875,-0.00083257,0.00040195,1.0e-14
1.2001,0,0,0,0,0,0,-0.099671,-0.00079681,-0.00058955,0.00058955,1.0e-14
1.2001,0,0,0,0,0,0,-0.099672,-0.00068087,-0.00079938,0.00050549,1.0e-14
1.2001,-5.731e-06,-6.0106e-06,2.8314e-06,-5.731e-06,-6.0106e-06,2.8314e-06,-0.099671,-0.00065347,-0.00068443,0.0003233,1.0e-14
1.2001,0,0,0,0,0,0,-0.099671,-0.00096593,-0.00082284,0.00062504,1.0e-14
1.2001,0,0,0,0,0,0,-0.099671,-0.00096593,-0.00081917,0.00023671,1.0e-14
1.2001,0,0,0,0,0,0,-0.099671,-0.00096593,-0.00072023,0.00045571,1.0e-14
1.2001,0,0,0,0,0,0,-0.099671,-0.00096593,-0.0005668,0.00024013,1.0e-14
1.2001,-6.441e-06,-4.3429e-06,1.7915e-06,-6.441e-06,-4.3429e-06,1.7915e-06,-0.099671,-0.00081148,-0.00054042,0.00022238,1.0e-14
1.2001,0,0,0,0,0,0,-0.099671,-0.0007765,-0.00096593,0.00054685,1.0e-14
1.2001,0,0,0,0,0,0,-0.099671,-0.00096593,-0.00096593,0.00048296,1.0e-14
1.1999,0,0,0,0,0,0,-0.099682,0.0033904,-0.00096593,0.00023153,1.0e-14
1.1999,-4.2171e-06,7.0639e-06,-1.4966e-06,-4.2171e-06,7.0639e-06,-1.4966e-06,-0.099683,0.0035028,-0.00084657,0.0001748,1.0e-14
1.1999,-2.9934e-06,8.3808e-06,-2.4487e-06,-2.9934e-06,8.3808e-06,-2.4487e-06,-0.099682,0.0033226,-0.00090805,0.00026719,1.0e-14
1.2001,0,0,0,0,0,0,-0.099671,-0.00076001,-0.00096593,0.00032402,1.0e-14
1.2001,0,0,0,0,0,0,-0.099671,-0.00070523,-0.00083782,0.00016102,1.0e-14
1.2001,0,0,0,0,0,0,-0.099671,-0.00096593,-0.00096593,0.00024148,1.0e-14
1.2,0,0,0,0,0,0,-0.099677,0.0017407,-0.00082132,0.00061612,1.0e-14
1.2,0,0,0,0,0,0,-0.099677,0.0017373,-0.00096593,0.00077458,1.0e-14
1.2,0,0,0,0,0,0,-0.099677,0.0015165,-0.00082107,0.00063268,1.0e-14
1.2,0,0,0,0,0,0,-0.099677,0.0016201,-0.00096593,0.00058492,1.0e-14
1.2,0,0,0,0,0,0,-0.099678,0.002196,-0.00082719,0.00027269,1.0e-14
1.2,4.6255e-06,7.6971e-06,-1.6137e-06,4.6255e-06,7.6971e-06,-1.6137e-06,-0.099678,0.0024944,-0.00084523,0.00017295,1.0e-14
1.2,0,0,0,0,0,0,-0.099678,0.0023592,-0.00096593,0.00019634,1.0e-14
1.2,0,0,0,0,0,0,-0.099678,0.00199,-0.00081255,0.00081255,1.0e-14
1.2,0,0,0,0,0,0,-0.099677,0.0017419,-0.00081563,0.00081563,1.0e-14
1.2,0,0,0,0,0,0,-0.099678,0.001974,-0.00096593,0.00077207,1.0e-14
1.2,0,0,0,0,0,0,-0.099678,0.0018523,-0.00096593,0.00096593,1.0e-14
1.2,0,0,0,0,0,0,-0.099678,0.0019851,-0.00096593,0.00038813,1.0e-14
1.2,0,0,0,0,0,0,-0.099678,0.0019733,-0.00081752,0.00019852,1.0e-14
1.2,0,0,0,0,0,0,-0.099678,0.0021136,-0.00096593,0.00019436,1.0e-14
1.2,0,0,0,0,0,0,-0.099678,0.0022268,-0.00096593,0.00038914,1.0e-14
1.2,0,0,0,0,0,0,-0.099678,0.0021237,-0.00066807,0.0001801,1.0e-14
1.2,4.6776e-06,-4.8599e-06,2.2734e-06,4.6776e-06,-4.8599e-06,2.2734e-06,-0.099676,0.00065817,-0.00068161,0.0003197,1.0e-14
1.2,5.69e-06,-5.8225e-06,9.8709e-07,5.69e-06,-5.8225e-06,9.8709e-07,-0.099676,0.00070711,-0.00070711,0,1.0e-14
1.2,0,0,0,0,0,0,-0.099676,0.00078054,-0.00082247,0.00025861,1.0e-14
1.2,4.8199e-06,-8.0206e-06,1.6815e-06,4.8199e-06,-8.0206e-06,1.6815e-06,-0.099676,0.00050565,-0.00084523,0.00017295,1.0e-14
1.2,0,0,0,0,0,0,-0.099676,0.00067803,-0.00081146,0.00046964,1.0e-14
1.2,0,0,0,0,0,0,-0.099676,0.00064226,-0.00096593,0.00020846,1.0e-14
1.2,0,0,0,0,0,0,-0.099678,0.0020382,-0.00083211,0.00064035,1.0e-14
1.2,0,0,0,0,0,0,-0.099678,0.0020992,-0.00096593,0.00057957,1.0e-14
1.2,0,0,0,0,0,0,-0.099678,0.0022109,-0.00096593,0.00077095,1.0e-14
1.2,0,0,0,0,0,0,-0.099676,0.00088682,-0.00096593,0.00020249,1.0e-14
1.2,0,0,0,0,0,0,-0.099676,0.00088709,-0.00076714,0,1.0e-14
1.2,0,0,0,0,0,0,-0.099676,0.00075529,-0.00096593,0,1.0e-14
1.2,0,0,0,0,0,0,-0.099676,0.00077831,-0.00096593,0.00040246,1.0e-14
1.2001,0,0,0,0,0,0,-0.099671,-0.00073022,-0.00096593,0,1.0e-14
1.1999,-1.6431e-06,1.082e-05,-3.5176e-06,-1.6431e-06,1.082e-05,-3.5176e-06,-0.099682,0.0031294,-0.00096593,0.00022414,1.0e-14
1.2001,0,0,0,0,0,0,-0.099671,-0.00096593,-0.00073022,0,1.0e-14
1.2001,0,0,0,0,0,0,-0.099671,-0.00096593,-0.00096593,0,1.0e-14
1.2001,0,0,0,0,0,0,-0.099671,-0.00058087,-0.00096593,0.00020362,1.0e-14
1.2001,-4.7743e-06,-7.9973e-06,1.6943e-06,-4.7743e-06,-7.9973e-06,1.6943e-06,-0.099671,-0.00050276,-0.00084657,0.0001748,1.0e-14
1.2001,-4.8361e-06,-4.9303e-06,8.5455e-07,-4.8361e-06,-4.9303e-06,8.5455e-07,-0.099671,-0.00070711,-0.00070711,0,1.0e-14
1.2,0,0,0,0,0,0,-0.099675,0.0005391,-0.00082673,0.00063942,1.0e-14
1.2,5.1067e-06,-5.8361e-06,4.3553e-06,5.1067e-06,-5.8361e-06,4.3553e-06,-0.099676,0.00057358,-0.00057923,0.00057923,1.0e-14
1.2,3.8789e-06,-6.4801e-06,3.5996e-06,3.8789e-06,-6.4801e-06,3.5996e-06,-0.099675,0.00046242,-0.00077522,0.00043036,1.0e-14
1.2,0,0,0,0,0,0,-0.099675,0.00054306,-0.00096593,0.00042055,1.0e-14
1.2,0,0,0,0,0,0,-0.099676,0.00067791,-0.00096593,0.00059469,1.0e-14
1.2,0,0,0,0,0,0,-0.099678,0.0020871,-0.00096593,0.00096593,1.0e-14
1.2001,0,0,0,0,0,0,-0.099672,-0.00075934,-0.00073314,0.00073314,1.0e-14
1.2001,0,0,0,0,0,0,-0.099672,-0.00054301,-0.00096593,0.00046128,1.0e-14
1.2001,0,0,0,0,0,0,-0.099672,-0.0004777,-0.00081902,0.00058805,1.0e-14
1.2001,0,0,0,0,0,0,-0.099672,-0.00065024,-0.00096593,0.0007329,1.0e-14
1.2001,-4.1127e-06,-7.0652e-06,3.9439e-06,-4.1127e-06,-7.0652e-06,3.9439e-06,-0.099672,-0.00045149,-0.0007793,0.00043456,1.0e-14
1.2,0,0,0,0,0,0,-0.099676,0.0010154,-0.00083509,0.00065581,1.0e-14
1.2,0,0,0,0,0,0,-0.099676,0.00090508,-0.00096593,0.00058963,1.0e-14
1.2,0,0,0,0,0,0,-0.099676,0.00079476,-0.00096593,0.00077671,1.0e-14
1.2,0,0,0,0,0,0,-0.099676,0.0009588,-0.00068361,0.00068361,1.0e-14
1.2,0,0,0,0,0,0,-0.099676,0.0007867,-0.0007945,0.0007945,1.0e-14
1.2,0,0,0,0,0,0,-0.099677,0.0014017,-0.00024648,0,1.0e-14
1.2001,-2.7752e-06,-6.0226e-06,4.6776e-06,-2.7752e-06,-6.0226e-06,4.6776e-06,-0.099672,-0.00034202,-0.00066446,0.00066446,1.0e-14
1.2001,0,0,0,0,0,0,-0.099672,-0.00039202,-0.00096593,0.00072056,1.0e-14
1.2001,0,0,0,0,0,0,-0.099672,-0.00054096,-0.00079346,0.00079346,1.0e-14
1.2001,-4.2157e-06,-5.0007e-06,3.7402e-06,-4.2157e-06,-5.0007e-06,3.7402e-06,-0.099672,-0.00055557,-0.00058794,0.00058794,1.0e-14
1.2,0,0,0,0,0,0,-0.099677,0.0018449,-0.00028072,0.00028072,1.0e-14
1.2,0,0,0,0,0,0,-0.099678,0.002057,-0.0007212,0,1.0e-14
1.2,0,0,0,0,0,0,-0.099677,0.0017248,-0.00035628,0.00015907,1.0e-14
1.2,7e-06,3.7465e-06,-1.0293e-06,7e-06,3.7465e-06,-1.0293e-06,-0.099678,0.002134,-0.0005,0,1.0e-14
1.2001,1.7983e-06,-6.414e-06,3.6642e-06,1.7983e-06,-6.414e-06,3.6642e-06,-0.099674,0.00024131,-0.00084299,0.00048076,1.0e-14
1.1999,0,0,0,0,0,0,-0.099681,0.0030265,-0.00096593,0.00096593,1.0e-14
1.1999,0,0,0,0,0,0,-0.099681,0.0029478,-0.00083166,0.00083166,1.0e-14
1.1999,0,0,0,0,0,0,-0.09968,0.0028918,-0.00096593,0.00075122,1.0e-14
1.2,0,0,0,0,0,0,-0.099676,0.00078425,-0.00062062,0.00062062,1.0e-14
1.2,5.8208e-06,-4.2363e-06,2.9971e-06,5.8208e-06,-4.2363e-06,2.9971e-06,-0.099676,0.00075184,-0.00046623,0.00046623,1.0e-14
1.2001,1.7115e-06,-1.0934e-05,3.5538e-06,1.7115e-06,-1.0934e-05,3.5538e-06,-0.099674,0.00012941,-0.00096593,0.00022414,1.0e-14
1.2,0,0,0,0,0,0,-0.099676,0.0010167,-0.00096593,0.00039675,1.0e-14
1.2,0,0,0,0,0,0,-0.099677,0.0011412,-0.00096593,0.0005877,1.0e-14
1.2,0,0,0,0,0,0,-0.099677,0.0012579,-0.00096593,0.00039489,1.0e-14
1.2,0,0,0,0,0,0,-0.099677,0.0012876,-0.00082544,0.00062004,1.0e-14
1.2,0,0,0,0,0,0,-0.099677,0.0013424,-0.000707,0.00049823,1.0e-14
1.2,0,0,0,0,0,0,-0.099677,0.0012688,-0.00082043,0.00082043,1.0e-14
1.2,0,0,0,0,0,0,-0.099676,0.0010385,-0.00081756,0.00081756,1.0e-14
1.2,0,0,0,0,0,0,-0.099677,0.0012632,-0.00096593,0.00077602,1.0e-14
1.2,0,0,0,0,0,0,-0.099677,0.0011576,-0.00067693,0.00067693,1.0e-14
1.2,0,0,0,0,0,0,-0.099677,0.0013381,-0.00078574,0.00028171,1.0e-14
1.2,0,0,0,0,0,0,-0.099677,0.0012656,-0.00055783,0.00055783,1.0e-14
1.2,0,0,0,0,0,0,-0.099678,0.0018668,-0.00066074,0.00066074,1.0e-14
1.2,0,0,0,0,0,0,-0.099677,0.001621,-0.00066767,0.00066767,1.0e-14
1.2,0,0,0,0,0,0,-0.099677,0.0017426,-0.00096593,0.00039026,1.0e-14
1.2,0,0,0,0,0,0,-0.099677,0.0013855,-0.00067247,0.00067247,1.0e-14
1.2,0,0,0,0,0,0,-0.099677,0.0015002,-0.00096593,0.00039293,1.0e-14
1.2,0,0,0,0,0,0,-0.099677,0.0014929,-0.00049371,0.00049371,1.0e-14
1.2,0,0,0,0,0,0,-0.099677,0.0018739,-0.0004523,0,1.0e-14
1.2,0,0,0,0,0,0,-0.099677,0.0018307,-0.00080649,0.00032387,1.0e-14
1.2,0,0,0,0,0,0,-0.099678,0.0018681,-0.00096593,0.00019565,1.0e-14
1.1999,0,0,0,0,0,0,-0.099682,0.0036539,-0.00096593,0.00073561,1.0e-14
1.1999,0,0,0,0,0,0,-0.099683,0.0037594,-0.00073322,0.00073322,1.0e-14
1.1999,0,0,0,0,0,0,-0.099683,0.0037833,-0.00096593,0.00056115,1.0e-14
1.1999,0,0,0,0,0,0,-0.099683,0.0039659,-0.00082288,0.000625,1.0e-14
1.1999,0,0,0,0,0,0,-0.099682,0.0035596,-0.00096593,0.0004783,1.0e-14
1.1999,0,0,0,0,0,0,-0.099683,0.0037968,-0.00058956,0.00058956,1.0e-14
1.2,0,0,0,0,0,0,-0.099677,0.0011317,-0.00096593,0.00020052,1.0e-14
1.2,7.2925e-06,1.7885e-06,-7.3071e-07,7.2925e-06,1.7885e-06,-7.3071e-07,-0.099677,0.0020287,-0.00016807,0.00016807,1.0e-14
1.2,8.9796e-06,2.692e-06,-1.061e-06,8.9796e-06,2.692e-06,-1.061e-06,-0.099677,0.0020341,-0.00025882,0,1.0e-14
1.2,0,0,0,0,0,0,-0.099675,0.00048415,-0.00096593,0.00060533,1.0e-14
1.2001,2.9609e-06,-6.0735e-06,4.7083e-06,2.9609e-06,-6.0735e-06,4.7083e-06,-0.099675,0.00036244,-0.00065903,0.00065903,1.0e-14
1.2,0,0,0,0,0,0,-0.099675,0.00057044,-0.00096593,0.00077482,1.0e-14
1.2,0,0,0,0,0,0,-0.099675,0.00052771,-0.000817,0.000817,1.0e-14
1.2001,0,0,0,0,0,0,-0.099675,0.00034963,-0.00096593,0.00075204,1.0e-14
1.2001,0,0,0,0,0,0,-0.099675,0.00044317,-0.00096593,0.00096593,1.0e-14
1.2001,0,0,0,0,0,0,-0.099674,0.00028793,-0.00082339,0.00082339,1.0e-14
1.2,0,0,0,0,0,0,-0.099676,0.00060694,-0.00069407,0.00069407,1.0e-14
1.2,0,0,0,0,0,0,-0.099677,0.0015029,-0.00081888,0.00081888,1.0e-14
1.2,0,0,0,0,0,0,-0.099677,0.0015003,-0.00096593,0.00077589,1.0e-14
1.2,0,0,0,0,0,0,-0.099677,0.0013804,-0.00096593,0.00058703,1.0e-14
1.2,0,0,0,0,0,0,-0.099678,0.0022447,-0.00096593,0,1.0e-14
1.2,0,0,0,0,0,0,-0.099678,0.0019965,-0.00096593,0,1.0e-14
1.2,0,0,0,0,0,0,-0.099676,0.0010035,-0.00096593,0,1.0e-14
1.2,0,0,0,0,0,0,-0.099677,0.0011504,-0.00012643,0.00012643,1.0e-14
1.2,0,0,0,0,0,0,-0.099677,0.0011602,-0.00023744,0,1.0e-14
1.2,0,0,0,0,0,0,-0.099677,0.0013796,-0.00017334,0.00017334,1.0e-14
1.2001,-2.6417e-06,-7.3959e-06,2.1609e-06,-2.6417e-06,-7.3959e-06,2.1609e-06,-0.099672,-0.00032257,-0.00090805,0.00026719,1.0e-14
1.2,0,0,0,0,0,0,-0.099677,0.0013726,-0.00034247,0.00034247,1.0e-14
1.2,0,0,0,0,0,0,-0.099677,0.0012822,-0.00047883,0,1.0e-14
1.2,0,0,0,0,0,0,-0.099677,0.0017317,-0.00054414,0.00054414,1.0e-14
1.2,0,0,0,0,0,0,-0.099678,0.0018595,-0.00096593,0.00058156,1.0e-14
1.2,0,0,0,0,0,0,-0.099677,0.0017217,-0.00042062,0.00042062,1.0e-14
1.2,0,0,0,0,0,0,-0.099677,0.0016585,-0.0002355,0,1.0e-14
1.2,0,0,0,0,0,0,-0.099677,0.0015774,-0.00030924,0.00030924,1.0e-14
1.2001,-3.8731e-06,-6.7068e-06,6.8541e-07,-3.8731e-06,-6.7068e-06,6.8541e-07,-0.099671,-0.0005,-0.00086603,0,1.0e-14
1.2,0,0,0,0,0,0,-0.099677,0.0016517,-0.00014669,0.00014669,1.0e-14
1.2,0,0,0,0,0,0,-0.099677,0.0018617,-0.00018923,0,1.0e-14
1.2,0,0,0,0,0,0,-0.099677,0.0018562,-0.00011883,0.00011883,1.0e-14
1.2,5.7868e-06,5.9214e-06,-1.0039e-06,5.7868e-06,5.9214e-06,-1.0039e-06,-0.099678,0.0022929,-0.00070711,0,1.0e-14
1.2001,0,0,0,0,0,0,-0.099673,-0.00013938,-0.00096593,0.00072006,1.0e-14
1.2001,0,0,0,0,0,0,-0.099672,-0.00049623,-0.00096593,0.00096593,1.0e-14
1.2001,0,0,0,0,0,0,-0.099674,0.00020832,-0.00096593,0.00096593,1.0e-14
1.2001,0,0,0,0,0,0,-0.099674,5.3165e-05,-0.00083143,0.00083143,1.0e-14
1.2001,0,0,0,0,0,0,-0.099673,-2.6526e-05,-0.00096593,0.00096593,1.0e-14
1.2001,0,0,0,0,0,0,-0.099673,-0.00017458,-0.00082907,0.00082907,1.0e-14
1.2001,0,0,0,0,0,0,-0.099672,-0.00026138,-0.00096593,0.00096593,1.0e-14
1.2001,0,0,0,0,0,0,-0.099672,-0.00036279,-0.00084373,0.00084373,1.0e-14
1.2,0,0,0,0,0,0,-0.099677,0.0016174,-0.00096593,0.00096593,1.0e-14
1.2001,-9.0549e-06,-3.7119e-06,1.4981e-06,-9.0549e-06,-3.7119e-06,1.4981e-06,-0.099671,-0.00091474,-0.00037438,0.00015196,1.0e-14
1.2001,-6.4468e-06,-2.942e-06,2.0898e-06,-6.4468e-06,-2.942e-06,2.0898e-06,-0.099671,-0.00087673,-0.00034011,0.00034011,1.0e-14
1.2002,-1.2241e-05,-3.6468e-06,2.296e-06,-1.2241e-05,-3.6468e-06,2.296e-06,-0.099671,-0.00096593,-0.00018301,0.00018301,1.0e-14
1.2001,0,0,0,0,0,0,-0.099671,-0.00096593,-0.0003396,0.0003396,1.0e-14
1.2,2.3714e-06,-6.5273e-06,1.8961e-06,2.3714e-06,-6.5273e-06,1.8961e-06,-0.099675,0.00032806,-0.00090665,0.00026527,1.0e-14
1.2,0,0,0,0,0,0,-0.099675,0.00039268,-0.00096593,0.00022293,1.0e-14
1.2,0,0,0,0,0,0,-0.099677,0.0012518,-0.00096593,0,1.0e-14
1.2,0,0,0,0,0,0,-0.099677,0.00125,0,0,1.0e-14
1.2,0,0,0,0,0,0,-0.099677,0.0013826,-0.00096593,0.00096593,1.0e-14
1.2,0,0,0,0,0,0,-0.099676,0.0011477,-0.00096593,0.00096593,1.0e-14
1.2001,0,0,0,0,0,0,-0.099671,-0.00096593,-0.00049452,0,1.0e-14
1.2001,-7.7599e-06,-4.4365e-06,6.8541e-07,-7.7599e-06,-4.4365e-06,6.8541e-07,-0.099671,-0.00086603,-0.0005,0,1.0e-14
1.2,3.8727e-06,-1.0719e-05,1.354e-06,3.8727e-06,-1.0719e-05,1.354e-06,-0.099675,0.00025882,-0.00096593,0,1.0e-14
1.2,0,0,0,0,0,0,-0.099676,0.00050706,-0.00096593,0,1.0e-14
1.2,3.2806e-06,-5.6804e-06,5.7597e-07,3.2806e-06,-5.6804e-06,5.7597e-07,-0.099676,0.0005,-0.00086603,0,1.0e-14
1.2,0,0,0,0,0,0,-0.099678,0.0024929,-0.00096593,0,1.0e-14
1.2,3.7056e-06,1.0256e-05,-1.2956e-06,3.7056e-06,1.0256e-05,-1.2956e-06,-0.099679,0.0027412,-0.00096593,0,1.0e-14
1.2,0,0,0,0,0,0,-0.099679,0.0026075,-0.00096593,0.00020379,1.0e-14
1.1999,1.827e-06,1.1672e-05,-3.7935e-06,1.827e-06,1.1672e-05,-3.7935e-06,-0.09968,0.0028706,-0.00096593,0.00022414,1.0e-14
1.2,2.7707e-06,7.6261e-06,-2.2153e-06,2.7707e-06,7.6261e-06,-2.2153e-06,-0.099679,0.0026719,-0.00090665,0.00026527,1.0e-14
1.1999,0,0,0,0,0,0,-0.099679,0.0027075,-0.00096593,0.00041503,1.0e-14
1.2,0,0,0,0,0,0,-0.099677,0.0015,0,0,1.0e-14
1.2,3.4867e-06,6.0373e-06,-6.1216e-07,3.4867e-06,6.0373e-06,-6.1216e-07,-0.099678,0.0025,-0.00086603,0,1.0e-14
1.2001,0,0,0,0,0,0,-0.099671,-0.00096593,-0.00080934,0.00080934,1.0e-14
1.2001,0,0,0,0,0,0,-0.099671,-0.00096593,-0.00096593,0.00072444,1.0e-14
1.2001,0,0,0,0,0,0,-0.099672,-0.00073108,-0.00096593,0.00096593,1.0e-14
1.2001,0,0,0,0,0,0,-0.099671,-0.00096593,-0.00049618,0.00049618,1.0e-14
1.2001,-5.7363e-06,-4.2834e-06,3.0411e-06,-5.7363e-06,-4.2834e-06,3.0411e-06,-0.099671,-0.00073728,-0.00047771,0.00047771,1.0e-14
1.2,0,0,0,0,0,0,-0.099679,0.002322,-0.00096593,0.00096593,1.0e-14
1.2,0,0,0,0,0,0,-0.099676,0.00091287,-0.00096593,0.00096593,1.0e-14
1.2,0,0,0,0,0,0,-0.099676,0.0010273,-0.00096593,0.00077632,1.0e-14
1.1999,0,0,0,0,0,0,-0.099682,0.0037311,-0.00096593,0.00096593,1.0e-14
1.1999,0,0,0,0,0,0,-0.099682,0.0034962,-0.00096593,0.00096593,1.0e-14
1.2,4.6763e-06,5.3442e-06,-3.9882e-06,4.6763e-06,5.3442e-06,-3.9882e-06,-0.099678,0.0024264,-0.00057923,0.00057923,1.0e-14
1.2,4.0941e-06,6.8396e-06,-3.7993e-06,4.0941e-06,6.8396e-06,-3.7993e-06,-0.099679,0.0025376,-0.00077522,0.00043036,1.0e-14
1.2,0,0,0,0,0,0,-0.099676,0.00067802,-0.00096593,0.00096593,1.0e-14
1.1999,-8.014e-06,3.6572e-06,-2.5978e-06,-8.014e-06,3.6572e-06,-2.5978e-06,-0.099683,0.0038767,-0.00034011,0.00034011,1.0e-14
1.1999,-5.8378e-06,4.3591e-06,-3.0949e-06,-5.8378e-06,4.3591e-06,-3.0949e-06,-0.099683,0.0037373,-0.00047771,0.00047771,1.0e-14
1.1999,0,0,0,0,0,0,-0.099683,0.0039659,-0.00049618,0.00049618,1.0e-14
1.1999,-3.1989e-06,5.5394e-06,-5.6611e-07,-3.1989e-06,5.5394e-06,-5.6611e-07,-0.099683,0.0035,-0.00086603,0,1.0e-14
1.1999,0,0,0,0,0,0,-0.099683,0.0034945,-0.00096593,0,1.0e-14
1.1999,0,0,0,0,0,0,-0.099679,0.0025568,-0.00096593,0.00096593,1.0e-14
1.1999,0,0,0,0,0,0,-0.099682,0.0032614,-0.00096593,0.00096593,1.0e-14
1.1999,0,0,0,0,0,0,-0.099683,0.0039659,-0.0003396,0.0003396,1.0e-14
1.1999,-6.8979e-06,2.8277e-06,-1.1413e-06,-6.8979e-06,2.8277e-06,-1.1413e-06,-0.099683,0.0039147,-0.00037438,0.00015196,1.0e-14
1.1998,-1.0362e-05,3.0869e-06,-1.9434e-06,-1.0362e-05,3.0869e-06,-1.9434e-06,-0.099683,0.0039659,-0.00018301,0.00018301,1.0e-14
1.2001,0,0,0,0,0,0,-0.099672,-0.00037784,-0.00096593,0.00022862,1.0e-14
1.1999,0,0,0,0,0,0,-0.099681,0.0029651,-0.00096593,0.00048689,1.0e-14
1.1999,1.756e-06,6.2631e-06,-3.578e-06,1.756e-06,6.2631e-06,-3.578e-06,-0.09968,0.0027587,-0.00084299,0.00048076,1.0e-14
1.1999,0,0,0,0,0,0,-0.09968,0.0027601,-0.00096593,0.00060285,1.0e-14
1.2001,-8.3739e-07,-6.1221e-06,4.7417e-06,-8.3739e-07,-6.1221e-06,4.7417e-06,-0.099673,-0.00010887,-0.0007029,0.0007029,1.0e-14
1.2001,1.0748e-06,-6.6771e-06,5.1661e-06,1.0748e-06,-6.6771e-06,5.1661e-06,-0.099674,0.00013053,-0.00070106,0.00070106,1.0e-14
1.1999,0,0,0,0,0,0,-0.099683,0.0039659,-0.00065276,0.00065276,1.0e-14
1.2,0,0,0,0,0,0,-0.099677,0.00175,0,0,1.0e-14
1.1999,0,0,0,0,0,0,-0.099681,0.0031752,-0.00082915,0.00082915,1.0e-14
1.1999,-7.5856e-07,5.5458e-06,-4.2953e-06,-7.5856e-07,5.5458e-06,-4.2953e-06,-0.099681,0.0031089,-0.0007029,0.0007029,1.0e-14
1.1999,-3.9859e-06,1.1082e-05,-1.402e-06,-3.9859e-06,1.1082e-05,-1.402e-06,-0.099683,0.0032588,-0.00096593,0,1.0e-14
1.2001,0,0,0,0,0,0,-0.099671,-0.00049452,-0.00096593,0,1.0e-14
1.1999,9.4704e-07,5.8832e-06,-4.5519e-06,9.4704e-07,5.8832e-06,-4.5519e-06,-0.09968,0.0028695,-0.00070106,0.00070106,1.0e-14
1.1999,0,0,0,0,0,0,-0.099683,0.0039659,-0.00080934,0.00080934,1.0e-14
1.1999,0,0,0,0,0,0,-0.099683,0.0039659,-0.00096593,0.00096593,1.0e-14
1.1999,0,0,0,0,0,0,-0.099683,0.0039659,-0.00096593,0.00072444,1.0e-14
1.1999,0,0,0,0,0,0,-0.09968,0.002713,-0.00082436,0.00082436,1.0e-14
1.2,7.1468e-06,-9.4089e-07,2.7772e-07,7.1468e-06,-9.4089e-07,2.7772e-07,-0.099677,0.001,0,0,1.0e-14
1.2,6.8848e-06,9.064e-07,-2.6754e-07,6.8848e-06,9.064e-07,-2.6754e-07,-0.099677,0.002,0,0,1.0e-14
1.1999,0,0,0,0,0,0,-0.09968,0.0027917,-0.00096593,0.00096593,1.0e-14
1.2001,0,0,0,0,0,0,-0.099671,-0.00096593,-0.00036832,0.00015259,1.0e-14
1.2002,-1.4352e-05,-5.0148e-06,1.0207e-06,-1.4352e-05,-5.0148e-06,1.0207e-06,-0.099671,-0.00096593,-0.00025882,0,1.0e-14
1.1999,0,0,0,0,0,0,-0.099683,0.0039659,-0.00096593,0.00048296,1.0e-14
1.1999,0,0,0,0,0,0,-0.099683,0.0039659,-0.00036802,0.00015225,1.0e-14
1.1998,-1.7269e-05,6.0341e-06,-1.2282e-06,-1.7269e-05,6.0341e-06,-1.2282e-06,-0.099683,0.0039659,-0.00025882,0,1.0e-14
1.2001,-4.0042e-06,-1.1133e-05,1.4084e-06,-4.0042e-06,-1.1133e-05,1.4084e-06,-0.099671,-0.00025882,-0.00096593,0,1.0e-14
1.2001,0,0,0,0,0,0,-0.099671,-0.00096593,-0.00065276,0.00065276,1.0e-14
1.2001,0,0,0,0,0,0,-0.099672,-0.00096593,-0.00096593,0.00096593,1.0e-14
10.694,0,0,0,0,0,0,3.7703,0.0030361,-0.00081805,0.0001979,1.0e-14
10.322,0,0,0,0,0,0,3.7703,0.0031963,-0.00059238,0.00022234,1.0e-14
10.653,0,0,0,0,0,0,3.7703,0.0031153,-0.00073722,0.00034508,1.0e-14
10.882,0,0,0,0,0,0,3.7703,0.0032312,-0.00079233,0.00012218,1.0e-14
12.651,5.5124e-08,7.9861e-06,-4.4478e-06,5.5124e-08,7.9861e-06,-4.4478e-06,3.7703,0.002994,-0.0008737,0.00048643,1.0e-14
10.655,0,0,0,0,0,0,3.7703,0.0027995,-0.00076399,0.00027021,1.0e-14
12.642,-1.6431e-06,1.082e-05,-3.5176e-06,-1.6431e-06,1.082e-05,-3.5176e-06,3.7703,0.0031294,-0.00096593,0.00022414,1.0e-14
10.541,0,0,0,0,0,0,3.7703,0.003,-0.00096593,0,1.0e-14
12.654,-2.9934e-06,8.3808e-06,-2.4487e-06,-2.9934e-06,8.3808e-06,-2.4487e-06,3.7703,0.0033226,-0.00090805,0.00026719,1.0e-14
10.399,0,0,0,0,0,0,3.7703,0.003127,-0.0007081,0,1.0e-14
10.56,0,0,0,0,0,0,3.7703,0.003238,-0.00045846,0,1.0e-14
10.343,0,0,0,0,0,0,3.7703,0.0034126,-0.00066456,0,1.0e-14
10.314,0,0,0,0,0,0,3.7703,0.0028231,-0.00062397,0.00040875,1.0e-14
10.503,0,0,0,0,0,0,3.7703,0.0029263,-0.0005773,0.00021323,1.0e-14
12.633,1.827e-06,1.1672e-05,-3.7935e-06,1.827e-06,1.1672e-05,-3.7935e-06,3.7703,0.0028706,-0.00096593,0.00022414,1.0e-14
10.511,0,0,0,0,0,0,3.7703,0.0029742,-0.000424,0.000424,1.0e-14
10.182,0,0,0,0,0,0,3.7703,0.003301,-0.0004694,0.0004694,1.0e-14
12.659,1.756e-06,6.2631e-06,-3.578e-06,1.756e-06,6.2631e-06,-3.578e-06,3.7703,0.0027587,-0.00084299,0.00048076,1.0e-14
10.42,0,0,0,0,0,0,3.7703,0.0028472,-0.0005708,0.0005708,1.0e-14
10.467,0,0,0,0,0,0,3.7703,0.0030743,-0.00058868,0.00058868,1.0e-14
12.651,2.9504e-06,6.0519e-06,-4.6916e-06,2.9504e-06,6.0519e-06,-4.6916e-06,3.7703,0.0026376,-0.00065903,0.00065903,1.0e-14
12.648,4.0941e-06,6.8396e-06,-3.7993e-06,4.0941e-06,6.8396e-06,-3.7993e-06,3.7703,0.0025376,-0.00077522,0.00043036,1.0e-14
10.313,0,0,0,0,0,0,3.7703,0.0026784,-0.00061192,0.00022136,1.0e-14
10.602,0,0,0,0,0,0,3.7703,0.0027565,-0.00030515,0.00030515,1.0e-14
10.337,0,0,0,0,0,0,3.7703,0.002681,-0.00048222,0.00048222,1.0e-14
10.83,0,0,0,0,0,0,3.7703,0.0037489,-0.00039557,0.00013409,1.0e-14
10.856,0,0,0,0,0,0,3.7703,0.003624,-0.00059,0.00014473,1.0e-14
12.647,-8.4516e-06,4.8319e-06,-7.4651e-07,-8.4516e-06,4.8319e-06,-7.4651e-07,3.7703,0.003866,-0.0005,0,1.0e-14
12.654,-6.235e-06,4.204e-06,-1.7342e-06,-6.235e-06,4.204e-06,-1.7342e-06,3.7703,0.0038115,-0.00054042,0.00022238,1.0e-14
10.523,0,0,0,0,0,0,3.7703,0.0036578,-0.00031114,0.00031114,1.0e-14
10.482,0,0,0,0,0,0,3.7703,0.003558,-0.00037699,0.00015898,1.0e-14
10.603,0,0,0,0,0,0,3.7703,0.0036201,-0.00047871,0.00028833,1.0e-14
12.643,-8.014e-06,3.6572e-06,-2.5978e-06,-8.014e-06,3.6572e-06,-2.5978e-06,3.7703,0.0038767,-0.00034011,0.00034011,1.0e-14
10.583,0,0,0,0,0,0,3.7703,0.0036126,-0.0005162,0,1.0e-14
10.315,0,0,0,0,0,0,3.7703,0.0036333,-0.00027749,0,1.0e-14
12.601,0.00048624,-0.00011088,2.2569e-05,-2.7854e-05,6.3517e-06,-1.2928e-06,3.7703,0.0039659,-0.00025882,0,1.0e-14
10.36,0,0,0,0,0,0,3.7703,0.0034688,-0.00056413,0.00021549,1.0e-14
12.653,-4.2171e-06,7.0639e-06,-1.4966e-06,-4.2171e-06,7.0639e-06,-1.4966e-06,3.7703,0.0035028,-0.00084657,0.0001748,1.0e-14
12.653,-5.2522e-06,5.5084e-06,-2.5948e-06,-5.2522e-06,5.5084e-06,-2.5948e-06,3.7703,0.0036535,-0.00068443,0.0003233,1.0e-14
12.651,-5.6157e-06,5.725e-06,-9.9229e-07,-5.6157e-06,5.725e-06,-9.9229e-07,3.7703,0.0037071,-0.00070711,0,1.0e-14
12.664,-3.1989e-06,5.5394e-06,-5.6611e-07,-3.1989e-06,5.5394e-06,-5.6611e-07,3.7703,0.0035,-0.00086603,0,1.0e-14
12.634,-3.9859e-06,1.1082e-05,-1.402e-06,-3.9859e-06,1.1082e-05,-1.402e-06,3.7703,0.0032588,-0.00096593,0,1.0e-14
10.29,0,0,0,0,0,0,3.7703,0.0028712,-0.00072567,0,1.0e-14
10.613,0,0,0,0,0,0,3.7703,0.0028436,-0.00040056,0.00016643,1.0e-14
10.524,0,0,0,0,0,0,3.7703,0.0027019,-0.00050753,0,1.0e-14
10.597,0,0,0,0,0,0,3.7703,0.0025907,-0.00024072,0,1.0e-14
10.573,0,0,0,0,0,0,3.7703,0.0028509,-0.00024097,0,1.0e-14
10.611,0,0,0,0,0,0,3.7703,0.002982,-0.00047905,0,1.0e-14
10.594,0,0,0,0,0,0,3.7703,0.0030304,-0.00033856,0.00014869,1.0e-14
10.59,0,0,0,0,0,0,3.7703,0.0029743,-0.00026114,0.00026114,1.0e-14
10.564,0,0,0,0,0,0,3.7703,0.0028584,-0.00014522,0.00014522,1.0e-14
10.605,0,0,0,0,0,0,3.7703,0.002601,-0.00016263,0.00016263,1.0e-14
12.657,7.2925e-06,1.7885e-06,-7.3071e-07,7.2925e-06,1.7885e-06,-7.3071e-07,3.7703,0.0020287,-0.00016807,0.00016807,1.0e-14
12.654,7.3385e-06,3.266e-06,-1.6311e-06,7.3385e-06,3.266e-06,-1.6311e-06,3.7703,0.002113,-0.00032651,0.00032651,1.0e-14
12.643,8.9796e-06,2.692e-06,-1.061e-06,8.9796e-06,2.692e-06,-1.061e-06,3.7703,0.0020341,-0.00025882,0,1.0e-14
10.268,0,0,0,0,0,0,3.7703,0.0023201,-0.0001686,0.0001686,1.0e-14
12.656,5.4846e-06,3.9916e-06,-2.824e-06,5.4846e-06,3.9916e-06,-2.824e-06,3.7703,0.0022482,-0.00046623,0.00046623,1.0e-14
10.044,0,0,0,0,0,0,3.7703,0.0024486,-0.00035564,0.00035564,1.0e-14
12.647,7.0759e-06,4.8517e-06,-1.9608e-06,7.0759e-06,4.8517e-06,-1.9608e-06,3.7703,0.0021981,-0.00055338,0.00022513,1.0e-14
10.801,0,0,0,0,0,0,3.7703,0.0022918,-0.00040242,0.00017368,1.0e-14
10.168,0,0,0,0,0,0,3.7703,0.0025074,-0.00046909,0.0001682,1.0e-14
10.388,0,0,0,0,0,0,3.7703,0.0023222,-0.0002434,0,1.0e-14
12.656,7e-06,3.7465e-06,-1.0293e-06,7e-06,3.7465e-06,-1.0293e-06,3.7703,0.002134,-0.0005,0,1.0e-14
10.273,0,0,0,0,0,0,3.7703,0.0024278,-0.0004745,0,1.0e-14
12.669,-6.8979e-06,2.8277e-06,-1.1413e-06,-6.8979e-06,2.8277e-06,-1.1413e-06,3.7703,0.0039147,-0.00037438,0.00015196,1.0e-14
12.646,0.00049816,-9.6924e-05,6.1021e-05,-1.6246e-05,3.1608e-06,-1.99e-06,3.7703,0.0039659,-0.00018301,0.00018301,1.0e-14
10.654,0,0,0,0,0,0,3.7703,0.0037926,-0.00016473,0.00016473,1.0e-14
12.651,5.7868e-06,5.9214e-06,-1.0039e-06,5.7868e-06,5.9214e-06,-1.0039e-06,3.7703,0.0022929,-0.00070711,0,1.0e-14
10.469,0,0,0,0,0,0,3.7703,0.0035688,-0.00015411,0.00015411,1.0e-14
10.601,0,0,0,0,0,0,3.7703,0.0033541,-0.00023344,0,1.0e-14
10.508,0,0,0,0,0,0,3.7703,0.0034303,-0.00030041,0.00030041,1.0e-14
10.578,0,0,0,0,0,0,3.7703,0.0033082,-0.00038342,0.00013665,1.0e-14
10.525,0,0,0,0,0,0,3.7703,0.0034501,-0.00043003,0,1.0e-14
10.478,0,0,0,0,0,0,3.7703,0.0026696,-0.00073997,0,1.0e-14
12.658,2.7707e-06,7.6261e-06,-2.2153e-06,2.7707e-06,7.6261e-06,-2.2153e-06,3.7703,0.0026719,-0.00090665,0.00026527,1.0e-14
12.641,3.7056e-06,1.0256e-05,-1.2956e-06,3.7056e-06,1.0256e-05,-1.2956e-06,3.7703,0.0027412,-0.00096593,0,1.0e-14
12.643,-4.341e-06,7.4575e-06,-4.1628e-06,-4.341e-06,7.4575e-06,-4.1628e-06,3.7703,0.0034515,-0.0007793,0.00043456,1.0e-14
10.558,0,0,0,0,0,0,3.7703,0.0031053,-0.00023456,0,1.0e-14
10.556,0,0,0,0,0,0,3.7703,0.0030949,-0.00014095,0.00014095,1.0e-14
10.936,0,0,0,0,0,0,3.7703,0.0025115,-0.00058186,0.00040101,1.0e-14
12.647,4.6255e-06,7.6971e-06,-1.6137e-06,4.6255e-06,7.6971e-06,-1.6137e-06,3.7703,0.0024944,-0.00084523,0.00017295,1.0e-14
12.652,4.6763e-06,5.3442e-06,-3.9882e-06,4.6763e-06,5.3442e-06,-3.9882e-06,3.7703,0.0024264,-0.00057923,0.00057923,1.0e-14
12.656,5.1355e-06,5.3356e-06,-2.496e-06,5.1355e-06,5.3356e-06,-2.496e-06,3.7703,0.0023418,-0.00068161,0.0003197,1.0e-14
12.653,-5.8378e-06,4.3591e-06,-3.0949e-06,-5.8378e-06,4.3591e-06,-3.0949e-06,3.7703,0.0037373,-0.00047771,0.00047771,1.0e-14
10.587,0,0,0,0,0,0,3.7703,0.0031848,-0.0002906,0.0002906,1.0e-14
10.713,0,0,0,0,0,0,3.7703,0.0025202,-0.00065629,0,1.0e-14
10.595,0,0,0,0,0,0,3.7703,0.0033317,-0.0001478,0.0001478,1.0e-14
10.359,0,0,0,0,0,0,3.7703,0.0035374,-0.00042942,0.00042942,1.0e-14
12.652,-1.8817e-06,7.1058e-06,-4.0693e-06,-1.8817e-06,7.1058e-06,-4.0693e-06,3.7703,0.0032283,-0.00084488,0.0004838,1.0e-14
10.149,0,0,0,0,0,0,3.7703,0.0022457,0,0,1.0e-14
10.552,0,0,0,0,0,0,3.7703,0.0032287,0,0,1.0e-14
10.554,0,0,0,0,0,0,3.7703,0.0024915,0,0,1.0e-14
10.577,0,0,0,0,0,0,3.7703,0.0027372,0,0,1.0e-14
10.601,0,0,0,0,0,0,3.7703,0.0034744,0,0,1.0e-14
10.025,0,0,0,0,0,0,3.7703,0.0037202,0,0,1.0e-14
12.657,-2.5402e-06,5.5125e-06,-4.2815e-06,-2.5402e-06,5.5125e-06,-4.2815e-06,3.7703,0.003342,-0.00066446,0.00066446,1.0e-14
12.653,9.4704e-07,5.8832e-06,-4.5519e-06,9.4704e-07,5.8832e-06,-4.5519e-06,3.7703,0.0028695,-0.00070106,0.00070106,1.0e-14
12.656,-4.3048e-06,5.1064e-06,-3.8193e-06,-4.3048e-06,5.1064e-06,-3.8193e-06,3.7703,0.0035556,-0.00058794,0.00058794,1.0e-14
12.657,-7.5856e-07,5.5458e-06,-4.2953e-06,-7.5856e-07,5.5458e-06,-4.2953e-06,3.7703,0.0031089,-0.0007029,0.0007029,1.0e-14
10.541,0,0,0,0,0,0,3.7703,0.002983,0,0,1.0e-14
12.66,6.8848e-06,9.064e-07,-2.6754e-07,6.8848e-06,9.064e-07,-2.6754e-07,3.7703,0.002,0,0,1.0e-14
10.722,0.00052783,0,0,4.1464e-19,0,0,3.7703,0.0039659,0,0,1.0e-14
12.663,3.4867e-06,6.0373e-06,-6.1216e-07,3.4867e-06,6.0373e-06,-6.1216e-07,3.7703,0.0025,-0.00086603,0,1.0e-14